Title,Author,First Published,Publisher,ISBN,Language,Pages,Subjects,Avg Rating,Rating Count,Want to Read,Reading Now,Already Read
Ficciones,Jorge Luis Borges,1945,"Emecé Editores, A.A. Knopf",9780802190734,"fre, spa, por, eng, ita",196,"Anachronisms, speculative fiction, subjective idealism",4.3421054,38,349,20,66
Great Sf Heinlein Bxs,Robert A. Heinlein,1980,Berkley,9780425052167,eng,,"Hugo Award Winner, award:hugo_award=1962, award:hugo_award=novel",3.6470587,68,319,12,95
The Science Fiction Hall of Fame -- Volume One,"Robert Silverberg, Robert A. Heinlein, Arthur C. Clarke, Isaac Asimov, Ray Bradbury",1970,"Avon, Orion Publishing Group, Limited",0722178298,eng,558,"Science fiction, American Science fiction, English Science fiction",4.5,6,107,8,11
Wild seed,Octavia E. Butler,1980,"Open Road Integrated Media, Inc., Doubleday",0575048190,eng,279,"Fiction in English, Fiction, Sex role",4.5454545,11,91,6,20
Smoke and Mirrors,"Neil Gaiman, Richard Chizmar, William Peter Blatty, Kealan Patrick Burke, Brian Keene, Joe Hill, Joe R. Lansdale, Ray Garton",1998,"Headline Publishing Group, Avon Books",9788498388046,"eng, spa",360,"Fantasy, Fiction, Fiction, general",3.75,16,87,0,27
Trigger Warning,Neil Gaiman,2001,"MAG, Salamandra",0062449311,eng,352,"Short stories, Death, Vulnerability (Personality trait)",4.0,15,90,2,23
An introduction to fiction,"Stanton, Robert, R Stanton, R. Stanton, Robert Stanton",1965,"Holt, Rinehart and Winston, Thomson Learning",003920202X,eng,90,"History and criticism, Fiction, Study and teaching",,,88,3,2
Cryptonomicon,Neal Stephenson,1999,"Audible Studios on Brilliance, Avon Press",9780060575489,"fre, spa, eng, ger",864,"Fiction, World War, 1939-1945, World War, 1939-1945 in fiction",4.5151515,33,133,11,52
Hothouse,"Brian W. Aldiss, Brian W. Aldiss",1962,"Faber and Faber, VGSF",0575047356,"pol, eng",253,"evolution, Fiction in English, devolution",4.0,3,47,0,15
Writing Fiction,"Janet Burroway, Susan Weinberg, Elizabeth Stuckey-French, Ned Stuckey-French",1982,"The University of Chicago Press, Longman Higher Education",0316117706,eng,397,"Technique, Fiction, Creative writing",,,60,6,1
The Things They Carried,Tim O'Brien,1990,"Brilliance Audio, Sudamericana",0547420293,"spa, jpn, fre, eng",256,"Reading Level-Grade 9, Reading Level-Grade 11, Reading Level-Grade 10",4.3333335,39,285,20,70
To your scattered bodies go,Philip José Farmer,1971,"SFBC Science Fiction, Panther",9780425050262,"eng, spa",221,"Hugo Award Winner, Fiction in English, award:hugo_award=novel",3.5652175,23,66,1,41
Slan,"A. E. van Vogt, Oliver Wyman, Kevin J. Anderson",1946,"Dell Publishing, Weidenfeld and Nicolson",9780792748946,"eng, spa",191,"Fiction, Science Fiction, Fiction, science fiction, general",3.4,5,45,4,13
The Sympathizer,"Viet Thanh Nguyen, Francois Chau",2015,"Audible Studios on Brilliance, Little, Brown Book Group Limited",9781336217560,eng,384,"Communists, Soldiers, Vietnam War, 1961-1975",4.1,20,123,4,34
Collected Fictions,Jorge Luis Borges,1998,"Penguin, Allen Lane",0142428086,eng,571,"Fiction (fictional works by one author), Borges, jorge luis, 1899-1986, Latin american literature, translations into english",4.3333335,3,25,1,5
Foundation,Isaac Asimov,1951,"Doubleday Bantam, Doubleday Books",8576574837,"ger, eng, kor, spa, chi, ita, por, rus, fre",240,"Psychohistory, Open Library Staff Picks, Life on other planets",4.1070232,299,1385,94,453
The Overstory,"Richard Powers, Richard Powers",2018,"Cengage Gale, CHERCHE MIDI",8491814442,eng,531,"trees, forest, conservation",4.185185,27,213,1,50
How to Write Best-Selling Fiction,Dean Koontz,1981,"Poplar Press, Writer's Digest Books",9780907657002,eng,309,"Authorship, Fiction",5.0,2,54,3,3
What if?,"Anne Bernays, Pamela Painter",1990,"Harper, Longman",9780062700384,eng,256,"Problems, exercises, Rhetoric, Creative writing",,,86,1,1
Funhouse,"Diane Hoh, Karyn O'Bryant",1990,"Heritage, Audible Studios on Brilliance",0590637398,"eng, fre, spa",163,"Mystery and detective stories, Children's poetry, American, Juvenile Riddles",3.0,3,64,0,13
Fragile Things,Neil Gaiman,2006,"AST, HarperAudio",8496791858,"eng, pol, fre, rus, heb",400,"Mystery, Short stories, Fiction",3.75,8,109,6,15
The craft of fiction,"Percy Lubbock, Percy, Lubbock, Percy Lubbock",1921,"Franklin Classics, C. Scribner's Sons",9781015409163,eng,276,"Fiction, Technique, History and criticism",,,13,0,0
The Power,Naomi Alderman,1998,"Roca, Little, Brown and Company",8416859213,"eng, ita",352,"Rol sexual, Fuerza muscular, Ability",3.775,40,128,1,52
Gold,Isaac Asimov,1995,"Sarmal Yayinevi, HarperCollins",9780061054099,"kor, tur, eng, und",368,"American Science fiction, Authorship, Fiction",3.0,3,34,2,7
Leviathan,Paul Auster,1992,"Büchergilde Gutenberg, Viking Penguin Inc",9788433906342,"ger, eng, spa, kor",275,"Fiction, science fiction, general, Littérature américaine, Traductions françaises",3.3333333,6,32,3,10
Azadi,Arundhati Roy,2020,"Blackstone Pub, penguin",0143460161,eng,256,"Asia, history, Intellectual life, Hindutva",5.0,2,31,0,5
The Foundation Trilogy,Isaac Asimov,1950,"Editora Aleph, Editions Gallimard",0563410221,"ger, eng, spa, por, dut, rus",605,"American Science fiction, Fiction, Psychohistory",4.1904764,63,436,36,94
Frenzied fiction,Stephen Leacock,1917,"Renard Press Ltd., Capital Communications, Incorporated",9781374881082,eng,162,"Canadian Humorous stories, Satire and humour, Canadian (English), CIHM, Satire et humeur canadiennes-anglaises, ICMH",5.0,1,3,0,0
El tesoro di Rapa Nui,Elisabetta Dami,2004,"Scholastic.com, Scholastic",0545747422,"eng, ita",128,"Juvenile fiction, Mice, Children's fiction",4.8125,16,69,2,21
Children's fiction in the hands of the translators,"Göte Klingberg, Otto Klinberg",1986,"Me, CWK Gleerup",9140051722,eng,90,"Books and reading, Translating and interpreting, History and criticism",5.0,1,92,4,2
100 Great Science Fiction Short Short Stories,"Isaac Asimov, Martin H. Greenberg, Joseph D. Olander, Cyril M. Kornbluth, Larry Niven, Charles E. Fritch, Bill Pronzini, George R. R. Martin, Jerome Bixby, Ambrose Bierce, Edward D. Hoch, Alexei Panshin, Martin Gardner, Steven Utley, Gregory Benford, Richard Wilson, Robert Sheckley, Roger Zelazny, Damon Knight, Reginald Bretnor, Frederik Pohl, Laurence M. Janifer, James Blish, Joanna Russ, Ray Russell, Edward Wellen, Donald E. Westlake, Ben Bova, Barry N. Malzberg, Fred Saberhagen, Fritz Leiber, Karen Anderson, Bob Shaw, William F. Nolan, Henry Slesar, Dannie Plachta, Edward Rager, Hayford Peirce, Jeffrey S. Hudson, Walter S. Tevis, James Edward Sutherland, Joe L. Hensley, Duane Ackerson, Stephen Goldin, Robert Emmett Toomey Jr., Alfred Bester, Anthony Boucher, Nelson Slade Bond, F. M. Busby, Maggie Nadler, Grant Carrington, Keith Laumer, E. Michael Blake, James E. Gunn, Paul Dellinger, Lee Killough, Thomas F. Monteleone, Robert T. Kurosaka, James E. Thompson, Robert L. Fish, Bruce McAllister, Paul Bond, Mildred Downey Broxon, Alan Edward Nourse, David Bischoff, Ralph Milne Farley, Daniel A. Darlington, Walt Liebscher, K. W. MacAnn",1978,"Pan Books, Avon",0380507331,eng,271,"American Science fiction, English Science fiction, Science fiction",4.0,1,43,3,4
Blood Music,Greg Bear,1985,"Open Road Integrated Media, Inc., Open Road Media Sci-Fi & Fantasy",1497607434,eng,272,"Fiction, Science Fiction, Holistic nursing",3.9333334,15,56,3,32
Earthlight,Arthur C. Clarke,1955,"Pan Bks., Ballentine Books",0345306325,eng,160,"Science fiction, Fiction, science fiction, general, English Science fiction",3.8,5,10,1,10
The language of the night,Ursula K. Le Guin,1979,"Berkley Pub. Corp., Berkley Books",9780060168353,eng,260,"History and criticism, Fantasy fiction, Science fiction",4.0,2,87,4,4
Nightwings,"Robert Silverberg, Michael Netzer",1969,"Open Road Integrated Media, Inc., Futura",9781591760108,eng,190,"Fiction in English, Fiction, Science Fiction & Fantasy",4.0,4,28,0,6
Deathworld 1,"Harry Harrison, Christian Rummel",1960,"Vintage Sci-Fi Classics, Audible Studios on Brilliance Audio",9798455258251,eng,157,"Fiction, science fiction, general, Life on other planets in fiction, Life on other planets",3.5833333,12,26,2,21
Galapagos,"Kurt Vonnegut, Kurt Vonnegut, Chaim Tadmon",1820,"Delacorte Press / Seymour Lawrence, Caminho",9781501277054,"spa, eng, ita, tur, heb, fre, ger",295,"American Science fiction, Fiction, Ghost stories",3.875,24,87,5,46
Killer fiction,G. J. Schaefer,1997,Feral House,9781936239191,eng,291,"Serial murders, True Crime, Prisoners",5.0,1,37,1,1
Stranger Than Fiction,Chuck Palahniuk,2004,"Debolsillo, Penguin Random House Grupo Editorial",0385722222,"spa, eng",256,"Literary Criticism, Nonfiction, Jews",3.0,2,16,0,5
Bagombo Snuff Box,Kurt Vonnegut,1999,"G.P. Putnam's Sons, Vintage",9780099282969,eng,295,"Social life and customs, Fiction, United states, social life and customs, fiction",3.0,5,19,0,10
The rhetoric of fiction,Wayne C. Booth,1961,"University of Chicago Press, Penguin",0226065588,eng,552,"Esthétique, Rhetoric, Technique",,,25,1,1
Men of Iron,Howard Pyle,1891,"Arc Manor, New West Press",9781722325152,eng,272,"Juvenile fiction, History, Knights and knighthood",,,27,0,1
The fabulous riverboat,Philip José Farmer,1971,"Panther, Gregg Press",9780425037935,eng,253,"Fiction in English, Fictionin English, Riverworld (imaginary place), fiction",3.4545455,11,6,0,16
Science fiction,Patrick Parrinder,1979,"Taylor & Francis Group, Longman",1003163297,eng,242,"Science fiction, History and criticism, Science fiction, history and criticism",,,14,0,0
Excession,Iain Banks,1996,"Bantam Books, Le Livre de Poche",2253072419,"spa, fre, eng, ger",460,"Science fiction, Fiction, Long Now Manual for Civilization",4.0185184,54,74,4,76
Navigator Fiction and Non Fiction,,2002,Rigby Educational Publishers,9780433064749,,,"English language reading schemes, For National Curriculum Key Stage 2, English language",,,23,5,2
How to Write Science Fiction & Fantasy,Orson Scott Card,1990,"Writer's Digest Books, F & W Pubns Inc",9781582971032,eng,140,"Authorship, Science fiction, Fantasy literature",4.0,3,35,0,4
Axiomatic,Greg Egan,1995,"Orion Books Ltd., Belial'",9780752816500,eng,376,"Fiction, general, Fiction, science fiction, short stories, Australian Science fiction",4.142857,7,35,2,8
Pulp fiction,Quentin Tarantino,1993,"Hollywood Scripts, Faber",9780571175468,"eng, fre",160,"Motion picture plays, Pulp fiction (Motion picture), Drama",,,15,0,1
"Literature--An Introduction to Fiction, Poetry, Drama and Writing--Eleventh Edition","Kennedy, X. & Gioia, D., Dana Gioia, Chinua Achebe, Margaret Atwood, Jane Austen, Jorge Luis Borges, Anthony Burgess, Albert Camus, Lewis Carroll, Антон Павлович Чехов, Kate Chopin, Ambrose Bierce, Charles Dickens, X. J. Kennedy",2006,"Pearson Education, Limited, Longman",1292120827,eng,2137,"freedom, selfhood, self-fulfilment",4.5,2,46,3,1
Invisible Planets,Ken Liu,2016,"Head of Zeus, Head Of Zeus",1786692783,eng,384,"Short stories, chinese, Science fiction, Speculative fiction, Chinese -- Translations into English",4.0,4,38,0,5
Fiction Writer's Workshop,Josip Novakovich,1995,"Story Press, Writer's Digest Books",1884910394,eng,250,"Problems, exercises, Technique, Fiction",,,30,1,0
How to analyze fiction,W. P. Kenney,1966,Distributed by Monarch Press,,eng,111,"Study guides, Examinations, Fiction",5.0,1,31,1,3
Expedition to Earth,Arthur C. Clarke,1953,"Pan Books, Corgi",0345328248,eng,174,"Breaking Strain, Loophole, Inheritance",3.0,1,18,1,7
Mockingbird,Walter S. Tevis,1979,"Ballantine Pub. Group, Orion Publishing Group, Limited",9780340251935,eng,276,"End of the world, Fiction, Fiction, general",4.2,5,31,1,11
Ringworld,Larry Niven,1970,"Sphere Books Ltd, LÃ1/4bbe, Berg.-Gladb.",9780345247957,"spa, eng, ger, fre",336,"Hugo Award Winner, award:hugo_award=1971, award:hugo_award=novel",3.8247423,97,261,12,140
Understanding fiction,"Cleanth Brooks, Robert Penn Warren, Ambrose Bierce, Charles Dickens, Антон Павлович Чехов",1943,"F. S. Crofts & company, F. S. Crofts",,eng,608,"History and criticism, Short stories, Fiction",1.0,1,15,1,1
The Wesleyan anthology of science fiction,Arthur B. Evans,2010,Wesleyan University Press,9780819569554,eng,767,"American Science fiction, English Science fiction",5.0,2,36,3,2
Survivor,Octavia E. Butler,1978,"Lulu Press, Inc., Signet",9781312600843,eng,187,"Fiction, general, Fiction, science fiction, general, Science fiction",,,16,0,2
We're All Puppets 2020,Non Fiction,2019,"Independently published, Independently Published",9781794054530,eng,86,,,,18,2,0
Pricksongs and Descants,Robert Coover,1969,"Minerva, New American Library",9780330234450,eng,256,"Fiction, short stories (single author), Fiction, general, Manners and customs",,,26,2,2
The Norton Anthology of Short Fiction--Shorter Eighth Edition,"Richard Bausch, R. V. Cassill, Margaret Atwood, Ambrose Bierce, Jorge Luis Borges, Антон Павлович Чехов, Kate Chopin",2015,W. W. Norton & Company,0393937763,eng,996,"Fiction, History, Classic Literature",,,68,1,0
The Illustrated Man,Ray Bradbury,1951,"Booket, Panther Books",9788445077580,"dut, ger, eng, pol, spa",251,"American Science fiction, Science fiction, English Short stories",4.1025643,39,276,6,58
Literacy World Fiction,Judy Waite,1998,Heinemann Educational Books - Primary Division,9780435093075,,,"English language readers, Fiction, For National Curriculum Key Stage 2",4.0,4,33,7,1
PM Fiction Plus,"Randell, Beverley",1999,"Nelson Thornes Ltd, Thomas Nelson Australia",0170096564,,,"Seashore animals, Juvenile fiction, Seashore plants",,,5,0,0
Women and Fiction,"Susan Cahill, Kate Chopin, CAHILL, Susan, edited by, Susan (edited by) Cahill",1975,"New American Library / A Mentor Book, Signet",9780451618580,eng,379,"Women authors, Biography, Women in literature",4.0,2,10,1,2
Who Goes There?,"John W. Campbell, William F. Nolan",1948,"Shasta Publishers, Hyperion Press Incorporated of Westport, CT",9780883553657,eng,230,"American Science fiction, Fiction, Horror",3.75,4,33,1,8
Understanding fiction -- Second Edition,"Cleanth Brooks, Robert Penn Warren, Francis Parkman, Christopher Sykes, Mark Twain, Peter Quennell, Hanson Weightman Baldwin, Rudyard Kipling, James Thurber, Shirley Jackson, Irwin Shaw, O. Henry, John Collier, Guy de Maupassant, Ambrose Bierce, Eudora Welty, Ray Bradbury, Ring Lardner, Isaac Babel, Luigi Pirandello, Stephen Crane, Bret Harte, James Joyce, Frank O'Connor, Антон Павлович Чехов, D. H. Lawrence, James Purdy - undifferentiated, Caroline Gordon, Mary Mc Carthy, Carson McCullers, Honoré de Balzac, Jesse Stuart, Ernest Hemingway, Katherine Mansfield, Sherwood Anderson, Albert Camus, William Faulkner, Flannery O'Connor, Franz Kafka, William Sansom, Colette, Saul Bellow, Dylan Thomas, Thomas Wolfe, F. Scott Fitzgerald, Truman Capote, Angus Wilson, Isak Dinesen, Joseph Conrad, Dino Buzzati, Marcel Aymé, Thomas Mann, John Cheever, Katherine Anne Porter",1959,Appleton-Century-Crofts,,eng,688,"History and criticism, Short stories, Fiction",,,12,0,1
The Underground Railroad,Colson Whitehead,2000,"Atlas Contact, Alfaguara Portugal",2226393196,"spa, ita, kor, ger, jpn, eng",378,"FICTION / African American / General, History, Underground Railroad",3.98,50,165,5,64
Linden Hills,Gloria Naylor,1985,"Ticknor & Fields, Methuen Publishing Ltd",1417702923,eng,304,"African American families, African Americans, Fiction",5.0,1,24,1,2
"Detransition, Baby",Torrey Peters,2021,"Random House Publishing Group, One World",9780593133385,eng,352,"Fiction, women, Transgender women, Fiction",3.7142856,7,54,2,16
"The Best from Fantasy and Science Fiction (series, needs splitting)",Edward L. Ferman,1973,"Ace Books, St Martins Pr",9997376242,eng,326,"Science fiction, Fantasy fiction, American Science fiction",,,16,2,0
How fiction works,James Wood,2008,"Picador, Farrar, Straus and Giroux",9780312428471,eng,274,"Fiction, Authorship, Technique",4.0,4,12,0,4
An introduction to literature,Sylvan Barnet,1977,"Little, Brown",,eng,1092,Literature -- Collections.,3.7142856,7,13,2,21
Narrative fiction,Shlomith Rimmon-Kenan,1983,"Routledge, Taylor & Francis Group",9780415280228,eng,192,"Narration (Rhetoric), Literary Criticism, Nonfiction",,,8,1,0
Documentary,Erik Barnouw,1974,"Oxford University Press, Oxford University Press, USA",9780195033014,eng,351,"Documentary films, History and criticism, Moving-pictures, Documentary",,,36,5,0
"Fact, fiction and forecast",Nelson Goodman,1954,"Athlone Press, University of London",9780672518898,eng,128,"Addresses, essays, lectures, Conditionals (Logic), Forecasting",,,6,1,1
Three Genres,Stephen Minot,1965,"Pearson Education, Limited, Prentice Hall PTR",9780205012756,eng,420,"Technique, Poetics, Fiction",4.0,2,37,0,4
Neuromancer,William Gibson,1984,"Tandem Library, Gollancz",9788758804118,"spa, nor, ger, por, dan, fre, dut, chi, eng, ita, fin",317,"Information superhighway, Computer hackers, Conspiracies",4.0641026,78,777,51,163
The Longman anthology of detective fiction,"Deane Mansfield-Kelley, Lois A. Marchino",2005,Pearson/Longman,0321195019,eng,482,"American Detective and mystery stories, English Detective and mystery stories, Popular literature",,,58,2,1
The Forever War,Joe Haldeman,1974,"J'AI LU, Dargaud",3453304675,"por, fre, eng, spa, ger",272,"Aging, Hugo Award Winner, Fiction in English",4.101124,89,209,5,120
How to Analyze Fiction,William Kenney,1975,"Monarch Press, Macmillan Publishing Company",9780671187460,eng,111,"Fiction, Technique, Fiction, history and criticism",5.0,2,36,2,2
The Big Book of Science Fiction,"Ann VanderMeer, Jeff VanderMeer",2016,"Vintage, Vintage Crime/Black Lizard",1101910097,eng,1198,"Science fiction, Anthhology, Anthologies (multiple authors)",3.0,1,49,3,0
Youth,Isaac Asimov,2010,"CreateSpace Independent Publishing Platform, Spastic Cat Press",9798750880348,eng,58,"Fiction, science fiction, general",,,12,0,0
How to live safely in a science fictional universe,Charles Yu,2010,Pantheon Books,0307379205,eng,,"Time travel, Fathers and sons, Space and time",2.7777777,9,23,0,13
Fiction 100,James H. Pickering,1978,"Pearson Custom Pub, Macmillan Publishing Company",0536318115,eng,1456,"Short stories, Anthologies, English textbooks",,,10,1,0
Lord of Light,Roger Zelazny,1967,"Ein Heyne Buch, Doubleday & Co.",9780739416884,"fre, spa, ger, eng",280,"Fiction, Hindu Gods, Hugo Award Winner",3.6774194,31,133,4,48
Rite of Passage,Alexei Panshin,1968,"Science Fiction Book Club by arrangement with Sidgwick & Jackson, Science Fiction Book Club",0671440683,eng,254,"American Science fiction, Fiction, Science Fiction",2.3333333,3,22,0,8
Ubik,Philip K. Dick,1969,"Knopf Doubleday Publishing Group, Ulverscroft Ltd",9783518369401,"cmn, pol, fre, eng, gre, spa, ger, por, ita",224,"Fiction, Death, Businessmen",3.9452055,73,207,9,102
Pocket Gde to Sketching Lb,Non-Fiction,1986,"Collins, HarperCollins Publishers",9780004119915,,136,Drawing,,,13,1,0
Quarantine,Greg Egan,1992,"Century Pub. Co., Skyhorse Publishing Company, Incorporated",1597805386,"eng, ger",272,"Fiction, science fiction, general, Private investigators, fiction, Australian Science fiction",3.5454545,11,28,1,13
The Science Fiction Hall of Fame -- Volume Two A,"Ben Bova, H. G. Wells, Poul Anderson, John W. Campbell, Lester del Rey, Robert A. Heinlein, Cyril M. Kornbluth, Henry Kuttner, C. L. Moore, Eric Frank Russell, Cordwainer Smith, Theodore Sturgeon, Jack Williamson, Others, Michael David Axtell, L J Ganser, Chris Andrew Ciulla, Mark Boyett, Graham Halstead, Oliver Wyman, Cary Hite, Josh Hurley, Tim Gerard Reynolds, Clark, Roger, Fred Berman",1973,"Tor, Tor Books",1538439808,eng,558,"Science fiction, american, Science fiction, english, Science fiction",4.0,2,14,1,3
Midworld,Alan Dean Foster,1975,"Open Road Integrated Media, Inc., Heyne",0708880096,"eng, ger",213,"Humanx Commonwealth (Imaginary organization), Fiction, Fiction in English",3.5,2,23,0,7
Pack up and sketch,"Tom Robb, Non-Fiction",1986,"A.A. Knopf, HarperCollins Publishers",9780004121277,eng,64,"Technique, Drawing, Drawing & drawings",,,21,2,2
One crazy summer,Rita Williams-Garcia,2010,"Recorded Books, Amistad",9781432860332,eng,221,"Fiction, Juvenile Fiction, Poets",3.9473684,19,220,25,16
New sudden fiction,"Robert Shapard, Thomas, James",2007,"W. W. Norton, W.W. Norton",0393328015,eng,320,"American Short stories, Translations into English, Short stories",,,27,3,2
Driftglass,Samuel R. Delany,1971,"Roc, Penguin Books, Limited",0451144244,eng,278,"American Science fiction, English Short stories, Fiction, general",,,15,0,1
Neil Gaiman Reader,Neil Gaiman,2020,"Headline Publishing Group, Headline",0063031876,eng,752,"Fiction, magical realism, Fiction, short stories (single author), English Fantasy fiction",3.0,1,19,0,3
Pebble in the Sky,Isaac Asimov,1950,"Fawcett, Heyne Verlag",2290312975,"ger, eng, ita, por, chi, fre",223,"Fiction in English, American Science fiction, Science fiction",4.1153846,26,138,6,67
Asimov on science fiction [55 essays],Isaac Asimov,1981,"Avon Books, Sudamericana",9789500716253,"eng, spa",334,"Science fiction, History and criticism, Science fiction, history and criticism",3.0,1,11,1,2
Postmodernist fiction,Brian McHale,1987,"Taylor & Francis Inc, Taylor & Francis Group",0415045134,eng,288,"Fiction, History and criticism, Literary Criticism",5.0,1,6,0,1
Political fictions,Joan Didion,2001,"A.A. Knopf, Vintage International",9780375413384,eng,338,"Politics and government, Political culture, Regierung",3.0,1,8,0,3
The essential Clive Barker,Clive Barker,1999,"HarperCollinsPublishers, HarperCollins Publishers",0002247259,eng,592,"English Fantasy literature, English Horror tales, Fiction, horror",,,19,1,1
Science Fiction. The Great Years,"Carol Pohl, Frederik Pohl, Eric Frank Russell, William Tenn, Raymond Z. Gallun, Fredric Brown, James MacCreigh, Cyril M. Kornbluth, H. L. Gold",1973,"Penguin Publishing Group, Ace .",9780722169247,eng,319,"American Science fiction, Science fiction, Science fiction, american",,,7,1,3
Science Fiction Hall of Fame--Volume Two B,"Ben Bova, Isaac Asimov, James Blish, Algis Budrys, Theodore Cogswell, E. M. Forster, Frederik Pohl, James H. Schmitz, T. L. Sherred, Wilmar H. Shiras, Clifford D. Simak, Jack Vance, James H. Schmitz, T. L. Sherred",1973,"Avon Books, Orion Publishing Group, Limited",0575017384,eng,527,"Science fiction, Science fiction, american, Science fiction, english",4.0,1,7,1,4
Making Shapely Fiction,Jerome Stern,1991,"Norton & Company, Incorporated, W. W., Norton",9780393029291,eng,288,"Authorship, Fiction, English language, composition and exercises",3.0,2,11,0,1
Isaac Asimov's Masters of Science Fiction,"George H. Scithers, Isaac Asimov, John Varley, Arthur C. Clarke, Larry Niven, Martin Gardner, Paula Smith, D. R. Bensen, Sally A. Sellers, Cam Thornley, Jack Williamson, Steve Perry, Jack C. Haldeman, Garry R. Osgood, Donald Gaither, Dean McLaughlin, Ted Reynolds, Nancy Kress, Reginald Bretnor, Brian W. Aldiss, Randall Garrett, Barry N. Malzberg, Michael Tennenbaum, Kevin O'Donnell, Jr, Jack L. Chalker",1978,"Davis Publications, DoubleDay",9780884115854,eng,288,"American Science fiction, English Science fiction",3.0,1,9,1,3
Earth is Room Enough,Isaac Asimov,1957,"Panther, Wilhelm Heyne Verlag",9780449014011,"eng, spa, ger",184,"American Science fiction, Short stories, anthology",5.0,2,35,2,8
Lost in the funhouse,John Barth,1968,"Bantam Books, Penguin",0385240872,eng,201,"Fiction, general, Manners and customs, Fiction",3.5,4,11,0,7
Consider Phlebas,Iain Banks,1987,"Little, Brown Book Group Limited, Spectra",9780333454305,"fre, eng, spa, ger, tur, kor",471,"Fiction, Imaginary wars and battles, OverDrive",3.57,100,265,11,136
The Norton Book of Science Fiction,"Ursula K. Le Guin, Brian Attebery, Brian Attebery, Karen Joy Fowler, Orson Scott Card, Margaret Atwood",1993,"R.S. Means Company, W.W. Norton",9780393965438,eng,869,"Science fiction, American, American Science fiction, Fiction, science fiction, general",,,14,1,0
The passion,Jeanette Winterson,1987,"Sel Yayincilik, Periscopi",9788426402721,"spa, eng, dut, cat, rus, tur, fre, ger",176,"Napoleonic wars, 1800-1815, fiction, Man-woman relationships, fiction, Fiction, romance, historical, general",4.5454545,11,50,2,14
Six suspects,Vikas Swarup,2008,"Doubleday, Transworld Publishers Limited",0385608152,eng,470,"Rich people, Mystery, Crimes against",4.0,3,24,0,4
Beasts and Super-Beasts Illustrated,Hugh Munro,2020,Independently Published,9798708345738,eng,236,,,,11,0,1
Short Fiction,Ray Bradbury,2021,Standard Ebooks,,eng,,"Science fiction--Periodicals, Zines, Science fiction",,,24,0,0
Secret Societies (Fact or Fiction),Stewart Ross,1996,"Copper Beech Books, Copper Beech",9780761330233,eng,48,"Secret societies, Juvenile literature, History",,,11,0,1
Triton,Samuel R. Delany,1976,"Grafton, Collins",9789753422895,"eng, heb, fre",369,"Fiction in English, Fiction, science fiction, general, Science fiction",,,14,1,2
Wonderbook: The Illustrated Guide to Creating Imaginative Fiction,"Jeff VanderMeer, Ryan Burke, Tanya Eby, Adam Verner",2013,"Abrams Image, Alfa",6051713093,"eng, tur",384,"Rhetoric, Literature, Study and teaching",4.0,2,28,1,3
Science Fiction Bestiary,Robert Silverberg,1971,"Dell Publishing, Ultramar",8473864220,"eng, spa",251,"Cuentos de ciencia ficcio n norteamericanos, Cuentos de ciencia ficción norteamericanos, American Science fiction",,,12,0,1
Science Fiction,"Patricia S. Warrick, Charles Waugh, Martin H. Greenberg, Isaac Asimov, Ray Bradbury",1988,"Harper & Row, Longman",0060469412,eng,522,"American Science fiction, English Science fiction, Science fiction",,,12,0,1
Macho sluts,"Patrick Califia, Wendy Chapkis",1988,"Alyson Publications, Arsenal Pulp Press",1551523523,eng,336,"American Erotic stories, Erotic stories, American, Fiction",,,23,1,3
Stone Cold (Puffin Teenage Fiction),Robert Swindells,1995,"Puffin Books, Heinemann Educational Publishers",9780141368993,,144,"London (england), fiction, Homelessness, fiction, Children's fiction",,,52,5,3
Metafiction,Patricia Waugh,1984,"Routledge, Methuen",9780415030069,eng,181,"History and criticism, Fiction, Technique",,,22,1,0
Stranger in a Strange Land,Robert A. Heinlein,1961,"Berkley Publishing Corporation, Verlag Das Beste",9780786109524,"swe, fre, eng, spa, ger, heb",438,"Hugo Award Winner, award:hugo_award=1962, award:hugo_award=novel",4.5,4,123,11,28
Nemesis,Philip Roth,2010,"Vintage, Brilliance Audio",9788499894416,"por, ita, eng",280,"Poliomyelitis, Playgrounds, Fiction",3.75,4,19,2,3
Writing fiction for dummies,Randy Ingermanson,2009,"Wiley & Sons, Incorporated, John, Wiley & Sons, Limited, John",1119652863,eng,400,"Authorship, Technique, Creative writing",4.0,1,11,0,1
An introduction to fiction,"X. J. Kennedy, Dana Gioia",1987,"HarperCollins, Little, Brown and Company",0321209400,eng,636,"Collections, Fiction, Fiction, collections",,,9,2,0
"Science fiction, science fact",Isaac Asimov,1989,"G. Stevens, Dell Yearling Nonfiction",1555323235,eng,32,"Juvenile literature, Science fiction, Forecasting",,,15,1,0
A passion for narrative,Jack Hodgins,1993,"McClelland & Stewart, McCelland & Stewart",0312110421,eng,298,"Fiction, Technique, Narration (Rhetoric)",,,36,2,0
The writing of fiction,Edith Wharton,1925,"Charles Scribner's Sons, Octagon Books",0374983984,eng,178,"Technique, Authorship, Fiction",,,10,1,0
Science Fiction,Adam Roberts,2000,"Routledge, Taylor & Francis Group",9780203019368,eng,186,"Science fiction, Authorship, Science fiction, history and criticism",,,5,0,1
Dracula,Bram Stoker,1897,"ReadZone, Brand: CreateSpace Independent Publishing Platform",9781501257650,"ger, glg, eng, tur, pol, spa, rus, chi, ita, cat, por, dut, gle, alb, fre, hun",408,"English literature, Fiction, Horror",4.0430107,186,1854,182,375
Omnibus of science fiction,"Conklin, Groff",1952,"Crown Publishers, Random House Value Publishing",9780517453704,eng,561,"Science fiction, Science-fiction, Anthologies",4.0,1,5,0,3
Virtual light,William Gibson,1743,"Penguin Books, Bantam Dell Pub Group (Trd)",9788445074077,"eng, fre, ger, spa, rus, nor, swe",320,"Fiction, Science fiction, Twenty-first century",3.7586207,29,39,2,44
"Literature--reading fiction, poetry, drama, and the essay","Robert DiYanni, Margaret Atwood, Jorge Luis Borges, Emily Brontë, Lewis Carroll, Антон Павлович Чехов, Kate Chopin",1986,"Random House, McGraw-Hill",9780070170384,eng,1591,"Literature, Collections, Literature, collections",5.0,2,28,4,1
The art of fiction,David Lodge,1992,"Viking, Penguin (Non-Classics)",9780140174922,"eng, chi",240,"History and criticism, Theory, Criticism",,,18,0,1
Eon,Greg Bear,1985,"Meulenhoff, Audible Studios on Brilliance Audio",073940346X,"dut, ger, ita, fre, eng",512,"Fiction, Science fiction, Asteroids",4.2352943,17,58,3,30
Dragondrums,Anne McCaffrey,1979,"Spectra, Del Rey",9780808521631,"fre, eng",240,"Fiction, fantasy, general, Pern (imaginary place), fiction, Harper's hall (imaginary place), fiction",3.8666666,15,77,3,45
Riding the Flume,Patricia Curtis Pfitsch,2004,"Aladdin, Tandem Library",9781417602759,eng,232,"Reading Level-Grade 5, Reading Level-Grade 4, Reading Level-Grade 7",3.0,4,35,1,3
Flash fiction,"Thomas, James, Tom Hazuka, James Thomas - undifferentiated, Denise Thomas, Margaret Atwood",1992,W. W. Norton & Company,9780393308839,eng,224,"American Short stories, Short stories, american",,,14,0,1
The 13 crimes of science fiction,"Isaac Asimov, Martin H. Greenberg, Charles G. Waugh, Tom Reamy, Randall Garrett, Charles V. de Vet, Katherine MacLean, Avram Davidson, Jack Vance, William Temple, Philip K. Dick, Larry Niven, Edward Wellen, Wilson Tucker, William Tenn, Clifford D. Simak",1979,"Doubleday & Company, Inc., Doubleday",0385152205,eng,456,"American Science fiction, American Detective and mystery stories",,,14,1,2
grl2grl,Julie Anne Peters,2007,"Little, Brown Young Readers, Little, Brown Books for Young Readers",0316086746,eng,160,"Fiction, Juvenile Fiction, American Short stories",,,24,0,0
Plotting and writing suspense fiction,Patricia Highsmith,1966,"The Writer, inc., Little, Brown Book Group Limited",9780312048679,"eng, ger",147,"English Detective and mystery stories, Technique, Fiction",3.0,1,13,0,2
Rejection,Tony Tulathimutte,2024,"Audible, William Morrow",0063337908,eng,272,,,,6,0,3
Imperium,"Harris, Robert",2006,"Arrow, Hutchinson",9780743498661,eng,384,"roman republic, english fiction, Fiction",3.4444444,9,40,0,14
Walking the clouds,Grace L. Dillon,2012,University of Arizona Press,0816529825,eng,,"American Science fiction, American fiction, Indians of North America",4.0,1,76,2,2
While mortals sleep,Kurt Vonnegut,2011,Delacorte Press,9780440339878,eng,253,"Short stories, American fiction, American literature",3.75,4,13,0,8
"The Best Science Fiction and Fantasy of the Year, Volume Three","Jonathan Strahan, Ted Chiang, Elizabeth Bear, Peter S. Beagle, Jeff VanderMeer, Paolo Bacigalupi, Ian McDonald, Holly Black, John Kessel, Paul McAuley, Garth Nix, Holly Phillips, Stephen Baxter, Stephen King, Robert Reed, Joan Aiken, Margo Lanagan, Ted Kosmatka, Kij Johnson, Rachel Swirsky, Greg Egan, Hannu Rajaniemi, Maureen F. McHugh, M. Rickert, M. Rickert, Richard Bowes, Ken Scholes, Kelly Link",2009,Night Shade Books,1597801496,eng,496,"fiction, Fantasy fiction, Science fiction",,,32,3,2
City,Clifford D. Simak,1952,"Science Fiction Book Club, Gnome Press",0413146308,"fre, cat, eng",256,"Science fiction, genetic engineering, robots",4.571429,7,58,3,17
Tunnel in the sky,Robert A. Heinlein,1955,"Ballantine Books (Mm), Pocket Books",1501236466,"heb, eng, und",272,"society, Survival, political",4.181818,11,91,8,30
Echoes,Graham Foster,2001,Oxford University Press,9780195416305,eng,544,"Readers, English language, rhetoric, Readers (Secondary)",5.0,1,12,1,1
Fifty short science fiction tales,"Isaac Asimov, Conklin, Groff, Poul Anderson, Alan Bloch, Anthony Boucher, Fredric Brown, Charles Muñoz, Cleve Cartmill, Peter Grainger, James Causey, Arthur C. Clarke, Mildred Clingerman, Roger D. Aycock, Arthur Feldman, Jack Finney, Stuart Friedman, Lawrence L. LeShan, Donald A. Wollheim, Marion Gross, Robert A. Heinlein, Albert Hernhuter, H. B. Hickey, Wayland Hilton Young, Damon Knight, Cyril M. Kornbluth, Fritz Leiber, Jack Lewis, John D. MacDonald, Avro Manhattan, Winston K. Marks, John P. McKnight, Lion Miller, Alan Nelson, Alan Edward Nourse, Peter Phillips, Arthur Porges, Mack Reynolds, Frank M. Robinson, Edward G. Robles Jr., Eric Frank Russell, James H. Schmitz, Howard Schoenfeld, Margaret St. Clair, Robert Sheckley, Walt Sheldon, Evelyn E. Smith, Will Stanton, Theodore Sturgeon, William Tenn, A. E. van Vogt, Ralph Williams, S. Fowler Wright, Karen Anderson",1963,"Collier Macmillan Publishers, Collier Macmillan",0684842963,eng,287,"Science fiction, Fiction, science fiction, general, Fiction, short stories (single author)",5.0,1,14,2,2
Circe,Madeline Miller,2018,"Dwarsligger, Eisele",9780316556323,"dut, pol, eng, tur, por",404,"Fantasy, Mythology, Historical Fiction",4.147059,102,896,28,149
Masterpieces,Orson Scott Card,2001,"Ace Books, Penguin Publishing Group",7513307105,"pol, chi, eng",432,"American Science fiction, English Science fiction, Fiction, science fiction, general",4.0,1,23,2,2
Machines That Think,"Isaac Asimov, Patricia S. Warrick, Martin H. Greenberg, Ambrose Bierce, John Wyndham, Harl Vincent, Harry Bates, Robert Moore Williams, Lester del Rey, A. E. van Vogt, Harlan Ellison, Murray Leinster, Poul Anderson, Walter M. Miller Jr., Jesse F. Bone, Harry Harrison, Michael Shaara, Philip K. Dick, Gordon R. Dickson, Arthur C. Clarke, Robert Silverberg, John Brunner, Frederic Brown, Vernor Vinge, Gene Wolfe, George Zebrowski",1984,"Henry Holt & Co, Wings Books",0140071946,eng,627,"Science fiction, American, American Science fiction, Computers",,,40,3,2
The mammoth encyclopedia of science fiction,George Mann,2001,"Carroll & Graf Publishers, Little, Brown Book Group Limited",9781841191775,eng,612,"literature, Catalogs, Encyclopedias",,,10,0,2
Eye,Frank Herbert,1985,"Orion Publishing Group, Limited, Gollancz",9783453009592,"ger, eng",336,"Science fiction, Fiction, general, Fiction, science fiction, general",4.0,2,15,0,2
"Jane Austen, feminism and fiction",Margaret Kirkham,1983,"Athlone Press, Harvester",038920336,eng,187,"Feminism and literature, Political and social view, English Feminist fiction",,,10,0,1
Science Fictions,Stuart Ritchie,2020,"Random House Children's Books, Holt & Company, Henry",1473564255,eng,361,"Science, Fraud in science, Scientific Errors",4.0,1,17,0,2
Self-editing for fiction writers,Renni Browne,1993,"HarperPerennial, HarperCollins Publishers",0062720465,eng,226,"Technique, Editing, Fiction",3.0,2,17,0,3
Galaxy,"Frederik Pohl, Martin H. Greenberg, Joseph D. Olander, Fritz Leiber, Damon Knight, William Tenn, Robert Sheckley, William Morrison, Jerome Bixby, Margaret St. Clair, Alan Arkin, Zenna Henderson, Cordwainer Smith, Judith Merril, Algis Budrys, Jim Harmon, Allan Danzig, Philip K. Dick, Isaac Asimov, Robert Silverberg, Larry Niven, James Tiptree, Jr., Theodore Sturgeon, R. A. Lafferty, Harlan Ellison, Ursula K. Le Guin, Cyril M. Kornbluth, John Varley, Alfred Bester, H. L. Gold, Genevieve Collins Linebarger",1980,"Playboy Paperbacks, Brand: Playboy Press",0872169170,eng,465,"American Science fiction, Galaxy magazine, Indexes",,,24,1,3
Deus Irae,"Philip K. Dick, Roger Zelazny",1976,"Mariner Books, Maxwell Macmillan Canada",0722129831,"eng, fre",192,"Fiction in English, Fiction, science fiction, general, World war iii, fiction",1.75,4,14,0,9
Fiction,Fiction,2007,BookSurge Publishing,1419661965,eng,138,"Fiction, historical, general",1.0,1,3,2,1
"Tomorrow, the Stars","Robert A. Heinlein, Isaac Asimov",1952,"Berkley Highland Books -, Brand: Berkley",9780425026045,eng,224,"Science fiction, Long Now Manual for Civilization, American Science fiction",4.0,1,15,0,4
Fiction,"R. S. Gwynn, Nathaniel Hawthorne, Edgar Allan Poe, Kate Chopin, Антон Павлович Чехов, Edith Wharton, Willa Cather, James Joyce, William Faulkner, John Steinbeck, Richard Wright, Shirley Jackson, Gabriel García Márquez, Chinua Achebe, Alice Munro, Margaret Atwood, Alice Walker, Guy de Maupassant, Ernest Hemingway, Eudora Welty, Ralph Ellison, Doris Lessing, Flannery O'Connor, John Updike, Raymond Carver, Joyce Carol Oates, Bobbie Ann Mason, Denise Chávez, Louise Erdrich",1993,"Pearson Education, Limited, Watson-Guptill Publications",9780321011480,eng,354,"Short stories, Technique, English Short stories",,,9,0,0
Writing fiction,R. V. Cassill,1962,"Independently Published, Pocket Books",067176585X,eng,239,"Authorship, Creative writing, Fiction",,,7,1,0
Criticism and fiction,William Dean Howells,1891,"Independently Published, Project Gutenberg",9781408680032,eng,77,"History and criticism, Criticism, Fiction",,,2,0,0
The Sentinel,Arthur C. Clarke,1983,"ibooks, Inc., HarperCollins Publishers Ltd",0586212043,"eng, spa",303,"English Fantasy fiction, English Science fiction, Fiction",4.5,6,37,2,10
"The Gray Prince, A Science Fiction Novel",Jack Vance,1974,"ibooks, Inc., Ibooks, Inc.",0672519941,eng,192,"Fantasy, Fiction, Science Fiction & Fantasy",,,16,0,0
Talking about detective fiction,P. D. James,2009,"B (Ediciones B), Vintage Canada",8490705194,"spa, eng",192,"English Detective and mystery stories, History and criticism, Crime",3.5,2,7,1,2
The Mammoth Book of Golden Age Science Fiction,"Isaac Asimov, Charles G. Waugh, Martin H. Greenberg, Ross Rocklynne, A. E. van Vogt, Lester del Rey, Frederic Brown, Theodore Sturgeon, C. L. Moore, A. Bertram Chandler, T.L. Sherred, Jack Williamson",1989,"Constable Robinson, The Book Company",9781863091725,eng,512,"American Science fiction, American fiction, Science fiction",5.0,1,20,1,3
Inconstant moon,Larry Niven,1900,"Gollancz, Sphere",9780722163818,eng,204,"American Science fiction, English Short stories, Fiction, science fiction, general",4.0,1,12,0,11
Dragonsinger,Anne McCaffrey,1977,"Tandem Library, Transworld Publishers Limited",9780787100803,"eng, fre",271,"Pern, Harper Hall, Dragons",4.3636365,22,114,2,53
The Wesleyan anthology of science fiction,Arthur B. Evans,2010,Wesleyan University Press,9780819569554,eng,,"American Science fiction, English Science fiction, Science fiction, american",5.0,1,29,1,1
The Science Fictional Solar System,"Isaac Asimov, Martin H. Greenberg, Charles G. Waugh, Theodore L. Thomas, Alan Edward Nourse, Robert Sheckley, Terry Carr, Poul Anderson, James Blish, Arthur C. Clarke, Fritz Leiber, Alexei Panshin, Larry Niven, Robert F. Young, Duncan Lunan",1979,"Granada, Sidgwick and Jackson",9780283986666,eng,317,"American Science fiction, Fiction, English Science fiction",,,7,0,2
The supernatural in romantic fiction,Edward Yardley,1880,"Independently Published, Folcroft Library Editions",9780526828135,eng,141,"Folklore, Folklore in literature, Literature and folklore",5.0,1,4,0,1
The Year's Best Science Fiction - Sixteenth Annual Collection,Gardner R. Dozois,1999,"St. Martin's Griffin, Bluejay Books",9780312204457,eng,609,"American Science fiction, Science fiction, Short stories",,,16,0,1
Microcosmic Tales,"Isaac Asimov, Martin H. Greenberg, Joseph D. Olander, Donald Franson, Norman E. Hartman, Jack Ritchie, Charles E. Fritch, Phyllis Eisenstein, Fredric Brown, Robert Mattingly, Barry N. Malzberg, Jack Dann, George Zebrowski, Charles Sheffield, George H. Smith, Robert F. Decker, Harry Harrison, Richard Wilson, T. E. D. Klein, Richard K. Lyon, Arthur C. Clarke, Patricia Matthews, Alan Brennert, James Tiptree, Jr., Anthony Boucher, Bob Shaw, Walt Liebscher, Mack Reynolds, A. E. van Vogt, Paul Dellinger, Harlan Ellison, Henry Slesar, Ron Montana, Joanna Russ, Theodore Cogswell, Marcia Martin, Eric Vinicoff, Edward Bryant, Garen Drussaï, William F. Nolan, Helen M. Urban, Robert Silverberg, Alice Laurance, Robert Sheckley, Charles A. Spano Jr., Craig Strete, Rick Conley, Manly Wade Wellman, Dennis R. Caro, Eric Frank Russell, Robert Payes, Fritz Leiber, Ray Russell, Roberta Ghidalia, Sherwood Springer, Joseph F. Patrouch, Roland J. Green, H. L. Gold, Jan Howard Finder, Ruth Berman, James E. Gunn, Philip José Farmer, Bill Pronzini, Arthur Tofte, F. M. Busby, Paul J. Nahin, James A. Stevens, Rachel Cosgrove Payes, Juleen Brantingham, Maggie Nadler, Lester del Rey, Larry Niven, Edward Wellen",1980,"Taplinger Pub Co, DAW Books",9780800852382,eng,328,"American Science fiction, English Science fiction, Science fiction",,,22,2,2
Postmodern American fiction,"Paula Geyh, Andrew Levy",1997,"W.W. Norton, W. W. Norton & Company",9780393316988,eng,672,"Postmodernism (Literature), American fiction, Amerikaans",4.0,1,14,0,1
A Legal Fiction,Elizabeth Ferrars,1963,"Coronet, Isis Audio Books",9781471907135,eng,192,"Fiction in English, Fiction, mystery & detective, general, Fiction, suspense",,,0,1,2
Literature,Dana Gioia,1994,"Longman, Addison-Wesley",9780673522801,eng,1664,"Literature, Collections, English literature: literary criticism",5.0,2,10,0,2
Dies the fire,S. M. Stirling,2005,Roc,9780451460417,eng,573,"Regression (Civilization), Community life, Farm life",3.2,5,17,1,8
The Art of Fiction,John Gardner,1984,"Vintage Books, Vintage",9780394725444,eng,224,"Technique, Fiction, es index",,,15,1,0
13 great stories of science fiction,"Conklin, Groff",1960,"Gold Medal Books, Fawcett Publications",9780449142288,eng,192,Science fiction,,,8,0,0
Dying Inside,Robert Silverberg,1972,"Ibooks, Sidgwick and Jackson",3453215273,"eng, ger",256,"Fiction, general, Fiction in English, Fiction",2.875,8,25,1,10
The Scribner Anthology of Contemporary Short Fiction,"Michael Martone, Lex Williford, Margaret Atwood, Williford",1999,"Touchstone, Simon & Schuster",9781416545699,eng,672,"Social life and customs, Canadian fiction, Canadian Short stories",,,19,1,0
Less,Andrew Sean Greer,2017,"FISCHER Taschenbuch, Edicions de 1984",0316316148,"eng, pol, ger, fre",280,"Voyages and travels, Authors, Gay men",3.75,8,95,3,16
Vanishing Acts,Ellen Datlow,2000,"Tor Books, TOR",0312869614,eng,380,"American Science fiction, Science fiction",3.8,5,4,0,6
The Martian Way and Other Stories,Isaac Asimov,1955,"Doubleday & Company, Dobson",2290332836,"und, eng, ger, fre",193,"American Science fiction, Extraterrestrial beings, Fiction",4.5,2,19,0,7
Baker's dozen -- 13 short science fiction novels,"Charles G. Waugh, John W. Campbell, Lester del Rey, Gordon R. Dickson, David Drake, Phyllis Eisenstein, Philip José Farmer, John Jakes, Donald Kingsbury, Barry B. Longyear, Larry Niven, Frederik Pohl, Robert Silverberg",1985,"Constable and Robinson, Robinson Publishing",9780517476468,eng,574,American literature,,,10,2,1
Schismatrix Plus,Bruce Sterling,1996,"Open Road Integrated Media, Inc., Ace Books",9781713562818,eng,331,"Fiction, science fiction, general, Fiction, short stories (single author), American Science fiction",4.0,4,23,1,6
Gospel fictions,Randel Helms,1988,Prometheus Books,0879754648,eng,154,"Bible, Bible N.T. Gospels, Criticism, interpretation",4.5,2,5,1,2
Whipping Star,Frank Herbert,1970,"Berkley Medallion, Putnam Pub Group",9780450044595,"eng, fre",188,"Fiction in English, American Science fiction, Fiction, science fiction, general",3.25,4,28,1,8
Irish Hearts (Irish Rose / Irish Thoroughbred),Nora Roberts,2000,"Silhouette Books, Mills & Boon",9780373281916,eng,506,"Horse trainers, Open Library Staff Picks, Fiction",3.75,4,38,1,13
Fiction Writer's Handbook,Whit Burnett,1979,"HarperCollins Publishers, Collins",0062731696,eng,200,"Fiction, authorship",,,11,1,0
The Norton anthology of short fiction--Sixth Shorter Edition,"R. V. Cassill, Richard Bausch, Margaret Atwood, Ambrose Bierce, Антон Павлович Чехов, Richard Bausch",2000,"Norton, Norton & Company Limited, W. W.",0393937755,eng,1030,"Short stories, Fiction, History",,,13,1,0
Short Fiction,Ernest Hemingway,2022,Standard Ebooks,,eng,,"Short stories, American, American fiction--20th century",5.0,1,13,0,1
Tales from Margaritaville,Jimmy Buffett,1989,"Fawcett, Fawcett Crest",9780449222485,,240,American Short stories,1.0,1,13,0,1
Dukes are Forever,Anna Harrington (Romance fiction writer),2015,,9781455534036,eng,371,"Fiction, Romance, Historical",2.5,2,15,0,4
The Art of Fiction,Ayn Rand,2000,"Blackstone Audiobooks, Inc., Blackstone Audiobooks",1101136677,eng,200,"Literary Criticism, Nonfiction, Fiction, authorship",,,6,0,2
Blind Promises,Diana Palmer,1984,"Steeple Hill, Harlequin Mills & Boon, Limited",0373472609,eng,224,"Large type books, Fiction, religious, Fiction, romance, contemporary",,,22,1,2
Amazing stories,"Isaac Asimov, Martin H. Greenberg, David Henry Keller, Miles John Breuer, Nelson Bond, Eando Binder, Robert Bloch, Robert Sheckley, Walter M. Miller Jr., Edmond Hamilton, Mark Clifton, Cordwainer Smith, Philip K. Dick, Ursula K. Le Guin, Robert Goulart, John Jakes, Philip José Farmer, James Tiptree, Jr., John Varley, Pat Murphy",1985,"Distributed to the book trade in the U.S. by Random House, TSR, Inc.",0880382163,eng,255,American Science fiction,,,19,0,1
Fanny,Edmund White,2003,"Harper Perennial, CHATTO & WINDUS",009928572X,"eng, und",349,"Fiction, historical, Fiction, Fiction, historical, general",,,3,1,0
Before the Golden Age,"Isaac Asimov, Edmond Hamilton, Neil R. Jones, S. P. Meek, P. Schuyler Miller, Clifford D. Simak, Charles R. Tanner, Jack Williamson, Laurence Manning, Donald Wandrei, Murray Leinster, Raymond Z. Gallun, Stanley G. Weinbaum, Henry Hasse, Leslie Frances Stone, John W. Campbell, John D. Clarke, Nathan Schachner, Ross Rocklynne",1974,"Futura, Doubleday & Company, Inc.",9780449225257,eng,912,American Science fiction,3.0,1,14,0,2
Second Foundation,Isaac Asimov,1953,"Plaza & Janés, Ballantine Books",896017758X,"ita, fre, eng, spa, ger, por, dut",237,"Fiction, Psychohistory, Life on other planets",4.367647,136,273,9,214
The End of Eternity,Isaac Asimov,1955,"Ballantine Books, Martínez Roca",848896692X,"tur, chi, fre, eng, spa, ger, por, ita",255,"Time travel, Fiction, Fiction in English",4.352941,17,280,11,51
The Dosadi Experiment,Frank Herbert,1977,"Tor Books, Livre de Poche",9782253113195,"eng, ger, fre",336,"American Science fiction, Fiction in English, Fiction, science fiction, general",3.8333333,6,21,2,17
Microworlds,"Stanisław Lem, Franz Rottensteiner",1984,"Harcourt Brace Jovanovich, Mandarin",0436244071,eng,295,"Science fiction, Fantasy, History and criticism",,,13,1,0
Great Science Fiction,"Isaac Asimov, Martin H. Greenberg, Charles Waugh, Gregory Benford, Robert L. Forward, Paul J. Nahin, Charles Sheffield, Kurd Laßwitz, Vernor Vinge, Fred Hoyle, Philip Latham, David Brin, Arthur C. Clarke, G. Harry Stine, J. R. Pierce, Larry Eisenberg, Jesse F. Bone, James McConnell, James Tiptree, Jr., Chad Oliver, Morton Klass, Suzette Haden Elgin, Mario Pei",1985,"Primus, D.I. Fine",9780517643495,eng,400,"Science fiction, Scientists' writings",,,12,0,1
The Norton anthology of short fiction--Seventh edition,"Richard Bausch, R. V. Cassill, Margaret Atwood, Ambrose Bierce, Jorge Luis Borges, Ray Bradbury, Антон Павлович Чехов, Kate Chopin",2006,"W. W. Norton & Company, W.W. Norton & Company",9780393926118,eng,1734,"Short stories, Fiction, History",,,17,0,1
Writing Crime Fiction (Books for Writers),H. R. F. Keating,1986,"Black, A & C Black",0312055420,eng,88,"Technique, Detective and mystery stories, Creative writing",,,5,1,1
Writing science fiction and fantasy,"Gardner R. Dozois, Isaac Asimov, James Patrick Kelly, Stanley Schmidt, Jane Yolen, Poul Anderson, Hal Clement, John Barnes, Norman Spinrad, Ian Randal Strock, Connie Willis, Robert A. Heinlein, Sheila Williams, Tina Lee",1991,"St. Martin's Griffin, St. Martin's Press",9780312060039,eng,264,"Science fiction, Authorship, Fantasy fiction",,,14,3,0
Living by Fiction,Annie Dillard,1982,"Harper Perennial, HarperCollins",9780061476723,eng,192,"Fiction, History and criticism, Literary Criticism",,,7,0,0
Dark Matter,Sheree Renée Thomas,2000,"Aspect, Warner Books",1455534153,eng,427,"Criticism, American Science fiction, Fiction",4.0,1,28,0,1
A Blink of the Screen,Terry Pratchett,2012,"Transworld Publishers Limited, Doubleday",9780552163330,"ger, pol, eng",310,"Fiction, fantasy, short stories, English Fantasy fiction, Fantasy",4.5,2,10,2,6
Discovering fiction,"Judith Kay, Rosemary Gelshenen, Kate Chopin",2001,"cambridge, Cambridge University Press",9780521703918,eng,216,"Fiction, short stories (single author), United states, social life and customs, fiction, Canada, fiction",,,7,1,0
The Queen's confession,Eleanor Burford,1876,"Samnakphim Rūamsān, Fawcett Books",000221685X,"swe, tha, fre, eng, spa",446,"Fiction, Fiction in English, Fictionin English",5.0,3,28,4,3
The art of fiction,Henry James,1884,"CreateSpace Independent Publishing Platform, Cupples, Upham",1986531449,eng,240,"History and criticism, Fiction, Criticism",,,7,1,0
"Short Fiction, Classic and Contemporary -- Second Edition","Charles H. Bohner, Alice Adams, Margaret Atwood, Ambrose Bierce, Jorge Luis Borges, Антон Павлович Чехов, Kate Chopin, Mark Twain, Roald Dahl, William Faulkner, F. Scott Fitzgerald, Gabriel García Márquez, Nathaniel Hawthorne, James Joyce, Jack London, Herman Melville, Alice Munro, Vladimir Nabokov, Edgar Allan Poe, Philip Roth, John Steinbeck, Alice Walker, Edith Wharton, Richard Wright, Shirley Jackson, Arthur Conan Doyle",1989,"Prentice Hall College Div, Prentice Hall",013809229X,eng,1180,"short stories, English literature, Collections",,,8,0,0
"Sing, Unburied, Sing",Jesmyn Ward,2017,"Simon & Schuster Audio, Scribner",1501126067,eng,304,"FICTION / African American / General, Suspense fiction, FICTION / Literary",3.7142856,7,99,5,11
Nightfall two,Isaac Asimov,1970,"Panther, Granada",0586035370,eng,192,,4.0,1,3,0,5
Olive Kitteridge,"Elizabeth Strout, Rosa Perez Perez",2007,"Austral, Brilliance Audio on MP3-CD",158836688X,"fre, pol, rus, eng",288,"Retired teachers, screen play, Fiction",4.3333335,3,52,2,9
The Time Machine,H. G. Wells,1895,"Joe Books Inc., Dent",9781774415702,"spa, eng, ita, und, por, rus, pol, tam, chi, epo, fre, ger",120,"Self-experimentation in medicine in fiction, Fiction, Time travel in fiction",4.00813,123,1415,120,239
The World of Mystery Fiction,"Elliot L. Gilbert, Elliott Gilbert, Charles Dickens, Edgar Allan Poe, Arthur Conan Doyle, Agatha Christie, Jorge Luis Borges",1978,"University Extension, University of California, San Diego, in cooperation with Publisher's Inc., University Extension, University of California, San Diego",9780879722258,eng,441,"American Horror tales, American literature, Children's fiction",,,6,0,1
Creating short fiction,Damon Knight,1981,"Writer's Digest Books, St. Martin's Griffin",0312150946,eng,212,"Authorship, Short story, Fiction",3.0,1,10,0,1
Paperbacks from Hell,Grady Hendrix,2017,"Quirk Books, Blackstone Audiobooks",9781594749810,eng,128,"History and criticism, Ghost stories, Horror tales",4.2,10,29,2,11
The best science fiction of Isaac Asimov,Isaac Asimov,1986,"Grafton, Doubleday",9780451450692,eng,320,"American Science fiction, Fiction, science fiction, general, Fiction, short stories (single author)",,,8,0,2
Selected non-fictions,Jorge Luis Borges,1999,"Viking, Penguin",9780670849475,eng,560,"Translations into English, Essays (single author), Borges, jorge luis, 1899-1986",4.0,1,7,0,2
Non-fiction books,Michael Legat,1993,"Robert Hale Ltd, Robert Hale",0709049447,eng,136,"Authorship, Bibliography",,,7,1,0
Group Textual Study of Fiction in the Primary School (Group Textual Study of Fiction in Primary & Middle Schools),"Mairi St.Clair, A.G. Hill",1996,Moray House School of Education,9780901580757,,26,"English literature: fiction texts, Fiction",5.0,2,19,6,1
Fiction and the figures of life,William H. Gass,1970,"Knopf, David R Godine",0879232544,eng,288,"History and criticism, Fiction, Literatur",,,8,1,0
Beloved,Toni Morrison,1987,"Nan hai chu ban she, Thorndike Press",9785699874958,"kor, swe, spa, eng, ita, rus, pol, tur, jpn, chi, fre, ger",330,"African American History, Ohio, History",3.8767123,73,1451,81,112
The Wanting Seed,Anthony Burgess,1962,"Penguin Books, Limited, W.W. Norton & Co.",9780434098064,"fre, eng",285,"Birth control, Fiction, Fiction in English",3.0,2,38,0,3
Radio Free Albemuth,"Philip K. Dick, Philip K. Dick",1985,"Arbor House, Mariner Books Classics",0877957622,"spa, eng, fre",256,"Politics and government, Fiction, Science fiction",3.8,5,27,4,12
All I Ever Want Is You,"Nikhil Raj, Mohit Sindhwani",2020,Independently Published,1661848532,eng,,,5.0,3,101,8,2
Waiting for an angel,Helon Habila,2002,"Actes Sud, Hamish Hamilton",9780393051933,"eng, und",228,"Fiction, Journalists, Literature",4.0,1,15,3,3
Living With the Enemy,Laura Martin (Romance fiction writer),2000,Harlequin Books,0373174209,,187,"Fiction, Romance, Contemporary",4.5,2,7,1,6
Sexual fiction,Maurice Charney,1981,"Methuen, Taylor & Francis Group",9780416319408,eng,186,"Erotic stories, History and criticism, Sex in literature",,,6,0,0
Octavia's Brood,"Walidah Imarisha, adrienne maree brown, Je Nie Fleming",2015,"Institute for Anarchist Studies, AK Press",9781849352093,eng,285,"Science fiction, Speculative fiction, Social justice",4.0,2,27,2,2
Imaginative Sex,John Norman,1974,"DAW, DAW Books",9780879979126,eng,306,"Sexual fantasies, Sex (psychology), Fiction, romance, erotic",,,10,2,0
You are not so smart,David McRaney,2011,"Li Zi Wen Hua, Gotham Books/Penguin Group",9781469000732,eng,311,"Defense mechanisms (Psychology), Reason, Perception",4.2,10,68,3,10
Fiction,,1998,Ramboro Books PLC,7215967816,,,,5.0,1,6,0,2
Sylvia,"Leonard Michaels, Michaels, Leonard",1992,"Mercury House, Daunt Books",0374271070,"fre, eng, ita",147,"New york (n.y.), fiction, Married people, fiction, Fiction, general",,,7,1,0
Alien Sex,Ellen Datlow,1990,"Roc, Grafton",9780525248637,eng,287,"American Science fiction, Sex customs, American Horror tales",5.0,1,12,0,2
Fiction River,"Fiction River, Annie Reed, Brigid Collins, Angela Penrose, Robert Jeschonek, Dayle A. Dermatis, Michael Kowal, Lisa Silverthorne",2013,"CreateSpace Independent Publishing Platform, WMG Publishing",1561460494,eng,286,"American Adventure stories, Fiction, science fiction, short stories, Fiction, fantasy, collections & anthologies",,,1,0,0
The fantasy fiction formula,Deborah Chester,2016,Manchester University Press,0719097061,eng,329,"Fantasy fiction, Authorship, Fantasy fiction, authorship",,,7,0,1
Currency trading for dummies,"Brooks, Kathleen (Writer of romance and suspense fiction)",2015,,1118989805,eng,360,"Foreign exchange, Foreign exchange futures, Foreign exchange market",,,49,7,0
Literacy World Fiction,,1998,Heinemann Educational Books - Primary Division,9780435093020,,,"English language readers, Fiction, For National Curriculum Key Stage 2",3.0,2,10,3,1
Short Fiction,R. A. Lafferty,2021,Standard Ebooks,,eng,,"Science fiction, Time -- Fiction, Short stories",,,13,0,0
Pig Tales,Marie Darrieussecq,1997,"Faber and Faber, Faber & Faber",9781565844421,eng,148,"Fiction, Metamorphosis, Sex oriented businesses",5.0,1,69,2,2
Levitation,Cynthia Ozick,1982,"Plume, Secker & Warburg",9780815603535,eng,157,"Jews, Fiction, American Authors",,,5,0,0
Writing historical fiction,Rhona Martin,1988,"A&C Black Sales and Distribution Centre, St. Martin's Press",0312018487,eng,96,"Authorship, Historical fiction, Creative writing",,,8,0,0
Double Star,Robert A. Heinlein,1956,"Grafton, Gollancz",9753420846,"eng, dut, fre",170,"Hugo Award Winner, award:hugo_award=1956, award:hugo_award=novel",3.9333334,15,56,3,31
Tales from Margaritaville,Jimmy Buffett,1989,"Fawcett, Mariner Books",0449222489,eng,238,"American Short stories, Short stories, Fiction, short stories (single author)",,,10,0,1
She was only mine :a true love story adapted into fiction,Abhinav Ojha,2025,Bloomsbury India,,,,,1.0,1,36,4,1
The mammoth book of pulp fiction,Maxim Jakubowski,1996,"Distributed by Publishers Group West, Carroll & Graf Publishers",0786703008,eng,586,"American Detective and mystery stories, Popular literature, Literature, collections",,,6,1,2
Islands in the Sky,"Arthur C. Clarke, Charles Carroll",1952,"Buccaneer Books, RosettaBooks",9780451055217,eng,190,"English Science fiction, Fiction, Interplanetary voyages",3.1666667,6,18,2,9
Literature,"X. J. Kennedy, Dana Gioia",2004,"Pearson Education, Limited, Longman",9780321972262,eng,1589,"Literature, collections, Literature, Collections",5.0,1,16,0,1
Table for Two,Amor Towles,2024,"Penguin Books, Limited, Viking",9781804949504,eng,450,"nyt:combined-print-and-e-book-fiction=2024-04-21, New York Times bestseller",4.0,2,18,1,2
Chains of the sea,"George Alec Effinger, Gardner R. Dozois, Gordon Eklund",1973,"X-S Books, T. Nelson",9780840763143,eng,202,"American Science fiction, American fiction, General",,,17,4,2
Wandering Stars,"Jack Dann, Isaac Asimov, Dann, Jack, William Tenn, Carol Carr, Robert Silverberg, Horace Gold, Pamela Sargent, Bernard Malamud, Alec Effinger, Robert Sheckley, Isaac Bashevis Singer, Harlan Ellison",1974,"Frank Cass Publishers, Woburn Press",9780671787899,"rus, eng",240,"American Science fiction, American fiction, Fiction",5.0,1,10,1,1
What Young India Wants: Selected Non-Fiction,Chetan Bhagat,2012,Rupa & Co.,8129120216,eng,208,"Social conditions, Politics and government, Education",3.5,2,18,2,2
Six promenades dans les bois du roman et d'ailleurs,Umberto Eco,1994,"Companhia das Letras, Bompiani",9782246487210,"por, eng, rus, fre, ita",168,"Technique, Narration (Rhetoric), Fiction",,,38,2,5
Imperium,Christian Kracht,2012,"Hea Lugu, Ad Marginem",2752911033,"tur, slv, fre, hrv, hun, eng, nor, rum, spa, est, ger, dan, swe, rus, lit, cze, ita",197,"Colonies, Fiction, Pacific area, fiction",,,9,0,0
Borderlands 5,"Elizabeth E. Monteleone, Thomas F. Monteleone, Gary Braunbeck, John R. Platt, Holly Newstein, Barry Hoffman, Barry Hoffman, Jon F. Merz, Michael Canfield, John Farris, Brian Freeman, Dominick Cancilla, Whitley Strieber, Bentley Little, John McIlveen, David J. Schow, Brett Alexander Savory, Gene O'Neill, Lon Prater, Tom Piccirilli, Bev Vincent, Stephen King",2003,"Tandem Library, Borderlands Press",0446610356,eng,368,"Short stories, Horror tales, Horror fiction",2.0,1,21,0,5
The Second IF Reader of Science Fiction,"Frederik Pohl, Brian W. Aldiss, Isaac Asimov, J. G. Ballard, Algis Budrys, Hal Clement, David A. Kyle, Keith Laumer, Larry Niven, Fred Saberhagen",1968,"Ace Books, Doubleday",9780044136330,eng,247,"Retief, Known Space, Berserker",,,4,0,2
Dangerous,Jax (Writer of erotic fiction),2014,,1420134450,eng,316,"Bodyguards, Fiction, Fiction, romance, paranormal",4.0,1,15,1,2
How to write horror fiction,William F. Nolan,1990,Writer's Digest Books,9780898794427,eng,143,"Authorship, Fantastic literature, Fantasy literature",,,10,2,2
The motion of light in water,Samuel R. Delany,1988,"Arbor House Pub Co, New American Library",9780877959472,eng,411,"Social life and customs, Intellectual life, 20th century",4.5,2,17,1,3
The Encyclopedia of Science Fiction,"John Clute, Peter Nicholls",1981,"St. Martin's Press, Palgrave Macmillan",0312096186,eng,1021,"Science fiction, Dictionaries, Science fiction, encyclopedias and dictionaries",5.0,1,10,0,2
Dragonsong,Anne McCaffrey,1976,"Dove Entertainment Inc, a division of transworld publishers ltd",9780689860089,"eng, fre, por",194,"Harper Hall, Pern, Dragons",4.3333335,30,239,9,62
The Year's Best Science Fiction,Gardner R. Dozois,1998,"St Martins Press, St. Martin's Griffin",0312190336,eng,624,"American Science fiction, American Short stories, Science fiction",,,11,1,1
The Lumberjack's Bride,Jean Kincaid (Romance fiction writier),2015,Love Inspired Heartsong Presents,0373487762,eng,187,"Loggers, Man-woman relationships, Mail order brides",2.5,2,10,1,4
House of Eve,Sadeqa Johnson,2023,"Dialogue Books, Renegade Books",1668021080,eng,384,"nyt:hardcover-fiction=2023-02-26, New York Times bestseller",,,32,0,2
Exploring Science Fiction,"Deborah Jerome-Cohen, Charles de Lint, Barry B. Longyear, Ray Bradbury",1992,Scholastic,9780590495370,eng,55,"Science fiction, Juvenile literature, short stories",5.0,1,6,1,1
"Meanwhile, Elsewhere","Cat Fitzpatrick, Casey Plett",2017,"Topside Press, LittlePuss Press",1964322006,eng,456,"LGBTQ short stories, Stonewall Book Awards, Transgender people's writings",3.0,1,12,0,1
The Currents of Space,Isaac Asimov,1952,"Librairie Des Champs-Elysees/Le Masque Science Fiction, New American Library",9784150102470,"chi, fre, ita, eng, ger, por, tur, per",221,"Science fiction, Fiction, science fiction, general, sci-fi",3.8,15,78,5,44
A talent for war,Jack McDevitt,1989,Ace Books,9780441012176,eng,310,"Life on other planets, Fiction, Fiction, science fiction, general",2.8333333,6,7,0,9
Literature,"X. J. Kennedy, Ambrose Bierce, Jorge Luis Borges, Ray Bradbury, Lewis Carroll, Антон Павлович Чехов",1976,"Little, Brown and Company",,eng,1447,"Literature, Collections, Literature, collections",4.0,1,13,2,2
Micro Fiction,Jerome Stern,1996,"W.W. Norton, W W Norton & Co Inc",9780393039689,eng,141,Short stories,,,8,2,0
The mind manipulators,Alan W. Scheflin,1978,"Paddington Press, Paddington Press : distributed by Grosset & Dunlap",0448229773,eng,539,"Psychosurgery, Control (Psychology), Brainwashing",5.0,2,23,2,2
Don't Explain,Jewelle Gomez,1998,Firebrand Books,9781563410949,eng,168,"Fiction, Social life and customs, African American women",,,13,1,0
A fan's notes,Frederick Exley,1968,"Ballantine Books, Modern Library",9780140132243,eng,385,"Football fans, Fiction, Fiction, sports",4.0,2,4,0,3
Shipstar: A Science Fiction Novel,"Gregory Benford, Larry Niven",2014,"Titan Books Limited, Doherty Associates, LLC, Tom",1783294345,eng,456,"Space colonies, Fiction, Fiction, science fiction, general",4.0,3,4,0,5
The Norton Anthology of Short Fiction -- Shorter Seventh Edition,"Richard Bausch, R. V. Cassill, Sherwood Anderson, Ambrose Bierce, Jorge Luis Borges, Антон Павлович Чехов, Kate Chopin, William Faulkner, F. Scott Fitzgerald, Gabriel García Márquez, Nathaniel Hawthorne, James Joyce, Herman Melville, Alice Munro, Vladimir Nabokov, Edgar Allan Poe, Philip Roth, John Steinbeck, Alice Walker, Richard Wright, Margaret Atwood",2006,"W.W. Norton & Company, W. W. Norton & Company",0393926125,eng,931,"Short stories, tradition, change",5.0,1,17,1,1
What your girl don't know,Virgo (Urban fiction writer),2015,Royalty Publishing House,1517671302,eng,99,"African Americans, Fiction, Man-woman relationships",,,11,1,1
Petal parade,"Banks, Rosie (Children's fiction writer)",2015,Orchard Books,9781408333082,eng,191,"Fantasy fiction, Juvenile fiction, Friendship",5.0,1,8,0,5
Victorian women's fiction,Shirley Foster,1985,"Barnes & Noble Books, Taylor & Francis Group",1136321780,eng,240,"English Psychological fiction, English fiction, History",,,5,0,0
Trauma and survival in contemporary fiction,Laurie Vickroy,2002,University of Virginia Press,9780813921273,eng,266,"Psychic trauma in literature, Psychological fiction, Knowledge",4.0,1,18,0,1
Every day is for the thief,Teju Cole,2007,"Random House Publishing Group, Faber & Faber",9780812995787,eng,162,"Nigerians, Life change events, Identity (Psychology)",4.0,3,22,1,3
Mary,Mary Wollstonecraft,1788,"Routledge/Thoemmes, Paperbackshop.Co.UK Ltd - Echo Library",9781419133107,eng,187,"English fiction, Fiction, Women",4.0,1,6,0,1
The Craft of Fiction,Percy Lubbock,1921,"Tutis Digital Publishing Pvt. Ltd., General Books LLC",1533150192,eng,198,"Fiction, history and criticism, Fiction, technique",,,1,0,0
Pandora,William Kern,2015,CreateSpace Independent Publishing Platform,151709500X,eng,126,,,,1,0,0
Red Planet,Robert A. Heinlein,1949,"Blackstone Audio, Inc., Gollancz",9780575112841,"eng, und",207,"Mars (Planet), Fiction, Science fiction",3.8888888,9,36,2,19
Literature,Robert DiYanni,1997,"Mcgraw-Hill College, McGraw-Hill Companies",0077293746,eng,2150,,,,12,0,0
Literature and Its Writers,"Charters, Samuel.",1997,"St Martins Pr, Bedford/St. Martin's",0312258704,eng,1776,"Letterkunde, Collections, Literature",1.0,1,16,0,1
Jeffrey Archer,Michael Crick,1995,"HarperCollins Publishers Limited, Hamish Hamilton",9781841154657,eng,492,"Politics and government, Novelists, English, English Novelists",,,10,3,0
The Goldfinch,"Donna Tartt, Katia Benovich",2013,"BUR Biblioteca Univ. Rizzoli, Little, Brown Book Group Limited",2259221866,"eng, chi, fre, spa, jpn, dut, pol, ita, heb",862,"goldfinch, Fiction, Self-realization",3.969697,66,720,45,88
Best science fiction stories of Clifford Simak,Clifford D. Simak,1965,"Doubleday, Paperback Library",9780385037563,eng,224,"American Science fiction, Science fiction",5.0,1,6,2,1
Robots,Jasia Reichardt,1978,"Viking Press, Studio",9780670601561,eng,168,"Robotics, Automata, Robots",,,5,1,0
Fang,James Patterson,1998,"LITTLE, BROWN AND COMPANY, Penguin Random House",9780552559447,eng,309,"Fiction, Science fiction, Genetic engineering",4.0,2,60,3,11
The Spinners' Book of Fiction,"The Spinner's Club, Gertrude Atherton, Mary Austin, Geraldine Bonner, Mary Halleck Foote, Eleanor Gates, James Hopper, Jack London, Bailey Millard, Miriam Michelson, W. C. Morrow, Frank Norris, Henry Milner Rideout, Charles Warren Stoddard, Isabel Strong, Richard Walton Tully, Herman Whitaker",1907,"Kessinger Publishing, Fredonia Books (NL)",9781410107107,eng,367,"American fiction, Western stories, American Short stories",,,3,0,1
The Golden Years of Science Fiction,"Isaac Asimov, Martin H. Greenberg, Eando Binder, Robert Bloch, H. L. Gold, Don A. Stuart, Lester del Rey, John Taine, L. Sprague De Camp, Henry Kuttner, Milton A. Rothman, Robert A. Heinlein, Theodore Sturgeon, Nelson Bond, Joseph E. Kelleam, William Temple, Jack Williamson, Willard E. Hawkins, Fritz Leiber, Robert Arthur, Ross Rocklynne, Oscar Jerome Friend, Harry Bates, P. Schuyler Miller, A. E. van Vogt, C. L. Moore",1983,"Random House Value Publishing, Distributed by Crown Publishers",9780517413678,eng,362,"American Science fiction, English Science fiction",,,14,0,1
"You, Human","Michael Bailey, Mort Castle, Dyer Wilk, Hal Bodner, Darren Speegle, Jason V Brock, Scott Edelman, Thomas F. Monteleone, John Skipp, B. E. Scully, Lucy A. Snyder, Autumn Christian, Laura Lee Bahr, Richard Chizmar, Stephen King, Erik T. Johnson, Cody Goodfellow, Marc Levinthal, John R. Little, Josh Malerman, Paul Michael Anderson, Gary A. Braunbeck, Janet Harriett, Erinn L. Kemper, Marge Simon",2016,"Written Backwards, Dark Regions Press, LLC",0999575457,eng,430,,5.0,2,20,2,2
Science Fiction A to Z,"Isaac Asimov, Martin H. Greenberg, Charles Waugh, Tom Godwin, Roger Zelazny, Alan Dean Foster, Richard Matheson, Fredric Brown, L. Sprague De Camp, Fritz Leiber, Robert Sheckley, Poul Anderson, Arthur C. Clarke, Christopher Anvil, Paul Myron Anthony Linebarger, Brian W. Aldiss, G. Harry Stine, Andre Norton, Gordon R. Dickson, Evan Hunter, William F. Nolan, Eric Frank Russell, Robert F. Young, Katherine MacLean, Joseph Willard Schutz, Anne McCaffrey, Jack Sharkey, Ray Bradbury, Piers Anthony, H. G. Wells, Steven Utley, Howard Waldrop, Rog Phillips, Harlan Ellison, Charles L. Fontenay, Alexei Panshin, H. L. Gold, Raymond E. Banks, James E. Gunn, Fred Saberhagen, Bob Shaw, Richard E. Peck, Theodore Sturgeon, Chad Oliver, George H. Smith, Jerome Bixby, Suzette Haden Elgin, Clifford D. Simak, William Sambrot, Harry Harrison, A. Bertram Chandler, L. J. Stecher Jr., Theodore Cogswell",1982,"Houghton Mifflin, Houghton Mifflin Company",9780395312858,eng,651,"American Science fiction, English Science fiction, Science fiction",,,14,0,2
Princess Ashley,Richard Peck,1987,"Turtleback Books Distributed by Demco Media, Laurel Leaf",0606038965,eng,,"Juvenile fiction, High schools, Friendship",4.0,1,10,0,2
Rudali,"Mahāśvetā Debī, Mahasweta Devi, Anjum Katyal",1993,"Seagull Books, Seagull Books Pvt.Ltd ,India",8170794528,"eng, ben",156,"Drama texts: from c 1900 -, Modern fiction",,,8,2,0
Airborn,Kenneth Oppel,1997,"HarperTrophyCanada, Editions Scholastic",9780061968327,"ang, eng, fre",433,"Animals, Pirates, Science Fiction",3.875,8,44,1,10
Caught in the Organ Draft,"Isaac Asimov, Martin H. Greenberg, Charles G. Waugh, Frederic Brown, Floyd Wallace, Ray Bradbury, John R. Pierce, A. Hyatt Verrill, Poul Anderson, Naomi Mitchison, Thomas N. Scortia, Robert Silverberg, Ursula K. Le Guin, Edmond Hamilton, James H. Schmitz, F. N. Waldrop",1983,"Farrar, Straus, Giroux, Londreys",9782904184185,"fre, spa, eng",276,"American Science fiction, Science fiction, Short stories",,,13,0,2
Is history fiction?,Ann Curthoys,2005,"University of Michigan Press, NewSouth Publishing",1459604369,eng,318,"Historiography, Philosophy, History",,,4,0,0
Writing young adult fiction for dummies,Deborah Halverson,2011,"Wiley & Sons Canada, Limited, John, Wiley & Sons, Incorporated, John",1118092902,eng,384,"Authorship, Young adult fiction, Publishing",,,8,0,0
The Orwell reader,George Orwell,1956,"Harcourt,Brace, Harcourt, Jovanovich Brace",0156701766,eng,456,"English literature, Essayists, American, [French, German, etc.]., Fiction, short stories (single author)",,,6,0,1
Among Others,Jo Walton,2011,"Éditions France loisirs, Doherty Associates, LLC, Tom",6155508402,"ita, fre, hun, rum, srp, eng, rus, pol, ger, lit, tur, hrv, chi, spa, kor",352,"Fiction, fantasy, general, Books and reading, Young women",3.8888888,18,91,3,24
Exciting Times,Naoise Dolan,2020,"Independently Published, Harpercollins",1474613446,eng,248,"English literature, Fiction, family life, Hong kong (china), fiction",2.5,2,33,2,2
Untergeher,Thomas Bernhard,1991,"Vintage, Distributed by Random House",9781400077540,eng,189,"Fiction, Pianists, Fiction, biographical",4.4,5,15,1,5
Sudden fiction Latino,Robert Shapard,2009,"W. W. Norton & Co., W.W. Norton & Co.",9780393336450,eng,336,"Literary collections, Hispanic American authors, American Short stories",,,13,0,1
Full frontal fiction,"Jack Murnighan, Genevieve Field, Vicki Hendricks, Joseph Monninger, Susan Neville, Dani Shapiro, Darcey Steinke, Robert Anthony Siegel, Stacey Richter, Dennis Cooper, Deb Margolin, Keith Banner, Laurie Stone, Martin Roper, Miller, Ellen., Touré, Courtney Eldridge, Sam Lipsyte, J. T. Leroy, Marcia Aldrich, Jay McInerney, Daniel Hayes, Simon Firth, Ilise Benun, Karen Bender, Carolyn Banks, Victor D. LaValle, Karla Kuban, A. M. Holmes, Darcy Cosper, Elizabeth Wurtzel, T. K. Tawni, Will Christopher Baer, James Hannaham, Andre Dubus III, Mary Gaitskill, Rachel Sherman, Jerry Stahl, Henry Wren, Robert Olen Butler",2000,Three Rivers Press,9780609806586,eng,295,American Erotic stories,,,8,1,1
Earthworks,Brian W. Aldiss,1965,"Faber, Panther",0755100646,"eng, ger",142,"Fiction, science fiction, general, Fiction in English",,,4,0,0
The Story and Its Writer,"Ann Charters, Ambrose Bierce, Kate Chopin, Антон Павлович Чехов, Jorge Luis Borges",1983,St. Martin's Press,9780312762513,eng,1239,"Fiction, History, Classic Literature",,,27,0,0
My Monticello,Jocelyn Nicole Johnson,2021,"Holt & Company, Henry, Macmillan Audio",9781250807151,eng,232,"American literature, African Americans, Fiction",5.0,1,8,0,2
The weaving looms,Wale Okediran,2005,Kraft Books Limited,9780390847,eng,215,,3.3333333,3,15,0,2
Archetypal patterns in women's fiction,Annis Pratt,1981,"Indiana University Press, University of Indiana Press",0710803591,eng,211,"Myth in literature, History and criticism, Sex role in literature",,,9,0,0
The Puppet Masters,Robert A. Heinlein,1951,"Orion Publishing Group, Limited, Gregg Press",1482932695,"spa, ger, eng",224,"Science fiction, alien, invasion",4.0,1,14,0,5
Collected fiction,Albert Camus,1960,"Hamilton, Hamish Hamilton Ltd",9780241901106,eng,400,,,,5,0,1
What Did Miss Darrington See?,"Jessica Amanda Salmonson, Emma B. Cobb",1989,"Distributed by the Talman Co, Brand: The Feminist Press at CUNY",9781558610064,eng,263,"Fantasy literature, Paranormal fiction, Fiction",,,16,0,0
Stephen King,Rocky Wood,2005,"Cemetery Dance Publications, Overlook Connection Press",9781587671609,eng,480,Criticism and interpretation,3.0,1,37,2,4
Billion year spree,Brian W. Aldiss,1973,"Weidenfeld and Nicolson, Corgi",9780805204506,eng,339,"History and criticism, American Science fiction, English Science fiction",,,11,0,0
Worlds Apart,"Camilla Decarnin, Eric Garber, Lyn Paleo",1986,"Alyson Pulications, AlyCat Books",9780932870872,eng,305,"American Science fiction, American Fantasy fiction, Lesbians",3.0,1,13,0,1
The jagged orbit,John Brunner,1969,"Wilhelm Heyne Verlag GmbH & Co. KG, Ace Books",0099058405,"ger, eng",397,"English Science fiction, Fiction, science fiction, general",4.0,1,9,0,1
The Art of Adaptation,Linda Seger,1982,"Holt & Company, Henry, Signet",9780451084705,eng,239,"Fiction, mystery & detective, general",,,18,0,0
False dawn,"Chelsea Quinn Yarbro, Chelsea Quinn Yarbro, Chelsea Quinn Yarbro",1978,"Granada, Orion Publishing Group, Limited",1930235100,eng,228,"Fiction in English, Science fiction, Fiction, science fiction, general",,,4,0,3
Short Fiction,Robert Sheckley,2021,Standard Ebooks,,eng,,"Science fiction, Short stories, Judgment Day--Fiction",5.0,1,8,0,1
Science-fiction carnival,Fredric Brown,1953,"Bantam Books, Shasta Publishers",,eng,167,"Science fiction, American Science fiction",,,2,0,2
New Skies,"Patrick Nielsen Hayden, Orson Scott Card",2003,"Tor, Turtleback Books Distributed by Demco Media",142997883X,eng,282,"Science fiction, Short stories, Juvenile literature",,,3,0,2
Tarnsman of Gor,John Norman,1966,"Del Rey / Ballantine, Orion Publishing Group, Limited",0345320344,"jpn, eng, fre",196,"collectionID:Sleazy_pulp, Fantasy games, Fiction, fantasy, general",3.5714285,7,41,1,12
The Ophiuchi Hotline,John Varley,1977,"Sidgwick and Jackson, Distributed in the U.S.A. by Sterling Pub.",9780803761209,"fre, eng",237,"Fiction in English, Science fiction, American Science fiction",3.0,1,11,1,5
The Women Of Brewster Place,Gloria Naylor,1982,"Minerva, Belfond",0413140105,"fre, eng, ger",192,"Fiction, African American women, African Americans",5.0,1,93,6,7
True at first light,Ernest Hemingway,1714,"Scribner, Brand: Audioworks",9780434007813,"spa, eng",320,"Fiction, Ficción, Big game hunting",,,12,0,0
My Favorite Science Fiction Story,"Martin H. Greenberg, Frederik Pohl, Cyril M. Kornbluth",1999,"DAW Books, IBooks, Inc.",1596871210,eng,384,"Short stories, Science fiction, Short stories, american",,,2,2,1
Cult fiction,Clive Bloom,1996,"Macmillan, St. Martin's Press",0333623029,eng,262,"History and criticism, Popular literature, Canon (Literature)",5.0,1,4,0,0
Year's Best Science Fiction,Gardner R. Dozois,1984,St. Martin's Press,9781466807310,eng,,"Science fiction, american",,,1,0,0
Nonfiction,Chuck Palahniuk,2004,"Jonathan Cape, Penguin Random House",9780099437970,eng,256,"Essays (single author), Curiosities and wonders, Curiosités et merveilles",,,4,1,0
Great Tales of Classic Science Fiction,"Isaac Asimov, Charles Waugh, Martin H. Greenberg",1990,"Galahad Books, BBS Publishing Corporation",9780883657508,eng,498,Science fiction,,,8,1,1
Backpack Literature -- Fifth Edition,"X. J. Kennedy, Dana Gioia, William Faulkner, Alice Walker, Kate Chopin, Jack London, Jorge Luis Borges, Chinua Achebe, John Steinbeck, Shirley Jackson, Margaret Atwood, Nathaniel Hawthorne, James Joyce, Lewis Carroll, William Shakespeare, Sylvia Plath, Emily Brontë, Edgar Allan Poe, Tennessee Williams",2016,Pearson,0134586441,eng,1189,"Collections, literature, American Horror tales",,,46,3,0
"Alone with the horrors : the great short fiction of Ramsey Campbell, 1961-1991",Ramsey Campbell,1993,"Headline, Headline Book Publishing",9780765307682,eng,448,"English Horror tales, Fiction, horror, Fiction, short stories (single author)",,,14,0,0
The Faber book of gay short fiction,Edmund White,1991,"Faber and Faber Ltd, Faber & Faber",9780571144723,"eng, spa",586,"Gay men's writings, English, English Short stories, Gay men",,,5,0,1
Swami and Friends (Phoenix Fiction Series),Rasipuram Krishnaswamy Narayan,1994,University Of Chicago Press,9780226568317,eng,190,,4.285714,7,7,0,7
The Ethnic Detectives,"Bill Pronzini, Martin H. Greenberg, Manly Wade Wellman, Eric Ambler, Raoul Whitfield, James Yaffe, H. R. F. Keating, Georges Simenon, Robert Somerlott, Ryerson Johnson, Janwillem van de Wetering, John Ball, Edward D. Hoch, Hayford Peirce, Tony Hillerman, Josh Pachter, Marcia Muller, Evan Hunter",1985,"Dodd Mead, Dodd, Mead",9780396084723,eng,360,"Detective and mystery stories, short stories, anthology",,,6,1,2
The art of fiction,Walter Besant,1884,"Cupples and Hurd, Brentano",,eng,85,Fiction,,,4,0,0
Future perfect,"H. Bruce Franklin, Nathaniel Hawthorne, Edgar Allan Poe, Herman Melville, Ambrose Bierce",1955,"Rutgers University Press, Oxford University Press, Incorporated",9780195023237,eng,402,"short stories, Social life and customs, Manners and customs",,,4,0,1
"Last and first men, & Star maker",Olaf Stapledon,1968,"Dover Publications, Lulu Press, Inc.",9781409211471,eng,438,"English Science fiction, Fiction, science fiction, general",5.0,1,15,2,2
Discovering Fiction 1,"Judith Kay, Isaac Asimov, Kate Chopin",2014,Cambridge University Press,9781107652224,eng,237,"College readers, Short stories, american, Short stories, canadian",,,9,0,1
Home Fire,Kamila Shamsie,2017,"Riverhead Books, Bloomsbury Publishing Plc",9780525533269,eng,288,"Families, Fiction, New York Times reviewed",4.0,4,21,1,7
Science Fiction for People Who Hate Science Fiction,Terry Carr,1966,"Doubleday, Funk & Wagnalls Co",9780308900806,eng,190,"Science fiction, anthology, literary",,,5,0,1
Heroines of fiction,William Dean Howells,1901,"University Press of the Pacific, Kessinger Publishing, LLC",1410207803,eng,336,"Fiction, Women in literature, Women in art",,,1,0,1
Mind of my mind,Octavia E. Butler,1977,"Open Road Integrated Media, Inc., Doubleday",038512600X,eng,219,"Fiction in English, American Science fiction, Fiction, science fiction, general",4.3333335,3,82,2,6
Blackwing,"McDonald, Ed (Fantasy fiction author)",2017,,9780399587795,eng,360,"Imaginary wars and battles, Fiction, Fiction, fantasy, general",3.3333333,3,9,0,3
A treasury of science fiction,"Conklin, Groff",1948,"Berkley Pub. Corp., Crown Publishers",0517306182,eng,517,"American Science fiction, Science fiction, Short stories",,,5,1,1
The Seven Deadly Sins of Science Fiction,"Isaac Asimov, Charles G. Waugh, Martin H. Greenberg, Jack Vance, Judith Merril, Henry Slesar, Roger Zelazny, Frederik Pohl, Poul Anderson, Michael G. Coney",1980,Fawcett Crest,0449243494,eng,269,Science fiction,5.0,1,10,0,1
Building fiction,Jesse Lee Kercheval,1997,"Story Press, University of Wisconsin Press",9780299187248,eng,198,"Technique, Fiction, Fiction, technique",,,9,0,0
Age of Innocence Illustrated,"Edith Wharton, Edith Warton",2016,"Norton & Company, Incorporated, W. W., Lulu Press, Inc.",9798596836035,eng,229,,,,7,1,0
Story and discourse,Seymour Benjamin Chatman,1978,Cornell University Press,9780801491863,eng,283,"Arts, Narration (Rhetoric), Filmkunst",,,19,0,0
Lesbian & bisexual fiction writers,Harold Bloom,1997,Chelsea House,9780791044780,eng,167,"Lesbians' writings, American, Dictionaries, American Authors",,,10,0,0
Monsters,"Isaac Asimov, Martin H. Greenberg, Charles Waugh, Robert Silverberg, Lloyd Biggle Jr, J.-H. Rosny, aîné, Theodore L. Thomas, William Tenn, Roger Zelazny, F. L. Wallace, A. E. van Vogt, Philip José Farmer, Murray Leinster, Michael Shaara",1988,"New American Library, Roc",0451154118,eng,349,Science fiction,,,6,2,2
Time out of joint,"Philip K. Dick, Philip K. Dick",1959,"Haffmans, Lippincott",9780140171730,"ger, eng, por",230,"American Science fiction, Fiction, Psychological aspects",3.857143,7,58,3,21
My contemporaries in fiction,David Christie Murray,1897,"Folcroft Library Editions, Blurb",9783847238966,eng,116,"English fiction, History and criticism, Contemporaries",4.0,1,0,0,1
Magic Bean - Infant Fiction: Mr Taddle's Hats: Little Book Pack (Literacy Edition: Magic Bean),,1998,Heinemann Educational Books - Primary Division,043504429X,,,,,,35,3,1
Flash fiction forward,"Thomas, James, Robert Shapard",2005,"W. W. Norton, W. W. Norton & Company",9780393328028,eng,279,"American Short stories, Short stories",,,3,2,1
Destination,A. E. van Vogt,1952,"Panther, Berkley",0425028143,eng,172,"Science fiction, Science fiction (Collections), Short stories",4.0,1,6,2,1
The Daydreamer,Ian McEwan,1994,"Random House Children's Books, GALLIMARD JEUNE",1417603046,"eng, ger",151,"Imagination, Juvenile fiction, Fiction",3.8,5,75,10,3
The Whole Man,John Brunner,1964,"Science Fiction Book Club, Fontana",9780345234377,"eng, dut",188,"science fiction, sf, sci-fi",4.0,1,5,0,2
Master of Middle-earth,"Paul Harold Kocher, Paul H. Kocher, P. Kocher, Paul KOCHER",1972,"Thames and Hudson, Pimlico",9780500010952,eng,247,"Criticism and interpretation, English Fantasy fiction, History",,,7,1,2
The Invisible Man,H. G. Wells,0,"George Newnes Ltd., American Guidance Service",1400150663,"cat, fre, por, eng, chi, spa, ger, rus, mon, ita",170,"Ciencia-ficción, Classic Literature, Fiction",3.8018868,106,1675,132,190
Runaway love 2,Virgo (Urban fiction writer),2015,Royalty Publishing House,9781517679842,eng,125,"African Americans, Fiction, Man-woman relationships",,,8,1,1
Science fact/fiction,"Edmund J. Farrell, Robert Sheckley, Anatoly Dnieprov, Richard Brautigan, Kurt Vonnegut, Karel Čapek, David Ely, Isaac Asimov, Charles Beaumont, Jack Anderson, Robert Bloch, Arthur C. Clarke, William Morrison, Fritz Leiber, Harry Harrison, H. G. Wells, Arthur Koestler, Howard Fast, Roald Dahl, Peter Tompkins, Christopher Bird, Fredric Brown, T.P. Caravan, Damon Knight, May Swenson, Philip José Farmer, Philip J. Hilts, Marion Gross, Ray Bradbury, Jack Lewis, Jack Finney, Josephine Miles, Edmond Hamilton, Wolfgang Pauli, Walter S. Tevis, Olga Cabral, Douglas Colligan, Frederik Pohl, Alfred Bester, Shirley Jackson, Philip K. Dick, William Stafford, R. Buckminster Fuller",1974,"Scott Foresman & Company, Scott, Foresman and Company",9780673034076,eng,394,readers,,,7,0,0
The fiction class,Susan Breen,2008,"Taylor & Francis Group, Wheeler Pub.",9781597228558,eng,308,"Women teachers, Literature, Parent and adult child",,,1,1,0
Science Fiction Stories,"Edward Blishen, Isaac Asimov, Ray Bradbury, Karin Littlewood",1988,"Kingfisher Books, Kingfisher Books Ltd",0862728037,eng,256,"Science fiction, Science fiction, juvenile literature, Short stories",,,3,1,0
The science fiction film reader,Gregg Rickman,2004,"Limelight Editions, Leonard Corporation, Hal",9780879106249,eng,432,"History and criticism, Science fiction films, Science fiction, history and criticism",,,6,0,0
Skyfall,"Harry Harrison, Rowena Morrill",1976,"Faber, Heyne",9780441769438,"eng, ger",270,"Fiction in English, Power resources, Fiction",3.0,2,3,0,2
Alice isn't dead,"Fink, Joseph (Fiction writer)",2018,HarperPerennial,9780062844132,eng,321,"Missing persons, Fiction, Truck drivers",4.0,1,5,2,2
"An Anthology of Graphic Fiction, Cartoons, and True Stories","Ivan Brunetti, Robert Crumb, Kim Deitch, Art Spiegelman, Chris Ware, Ben Katchor, Charles Burns, Gary Panter, Seth, Phoebe Gloeckner, Daniel Clowes, Lynda Barry, Joe Sacco, Jaime Hernandez, Gilbert Hernandez",2006,Yale University Press,9780300126716,eng,400,"Comic books, strips, Pictorial American wit and humor, Cartooning",4.0,1,8,0,3
Short Fiction,H. Beam Piper,2024,Standard Ebooks,,eng,,"Science fiction, Short stories, Human-alien encounters--Fiction",,,9,0,0
Women of Wonder,Pamela Sargent,1974,"Penguin, Vintage Books",039471041X,"eng, dut",285,"American Science fiction, American fiction, Fiction",,,11,0,1
Nightfall and Other Stories,Isaac Asimov,1969,"Luis de Caralt., Grafton",0449231887,"eng, spa",343,American Science fiction,3.6,10,21,1,19
Barkskins,Annie Proulx,2016,"Fourth Estate, Scribner",8467269065,"spa, eng",736,"Families, Fiction, Lumber trade",3.4285715,7,15,1,8
A science fiction argosy,"Damon Knight, Isaac Asimov",1972,"Orion Publishing Group, Limited, Simon and Schuster",0575015209,eng,828,"American Science fiction, English Science fiction, Science fiction, American",,,4,0,1
Bending the Landscape,"Nicola Griffith, Stephen Pagel",1998,"Overlook TP, Overlook Hardcover",0879518561,eng,384,"Gay & Lesbian studies, Science Fiction, Short stories",,,9,0,1
Trouble and her friends,Melissa Scott,1994,"Tom Doherty Associates, Orb Books",9780765328489,eng,379,"Fiction, Twenty-first century, women",3.0,1,20,3,4
H. P. Lovecraft - The Complete Fiction,H.P. Lovecraft,2011,Barnes & Noble,1435122968,eng,1104,American literature,4.75,4,3,3,3
The general zapped an angel,Howard Fast,1970,"HarperCollins Publishers, William Morrow",9781453242087,eng,160,"American Science fiction, American Fantasy fiction, Fiction, science fiction, general",5.0,1,17,0,0
The aleph,Jorge Luis Borges,2004,Penguin Books,9780142437889,eng,210,"Long Now Manual for Civilization, Social life and customs, Fiction",5.0,4,10,0,5
Fiction and the reading public,Q. D. Leavis,1932,"Norwood Editions, Russell & Russell",0841422656,eng,348,"Books and reading, History and criticism, English fiction",,,4,0,0
Short Fiction,H.P. Lovecraft,2018,Standard Ebooks,,eng,,"Horror tales, American, Haunted houses -- Fiction, Fantasy fiction",5.0,1,7,0,1
Dykeversions,The Lesbian Writing and Publishing Collective,,,,,,,,,7,0,1
Cowboys,Stewart Ross,1995,"Copper Beech Books, Puffin",9781562946180,eng,48,"Social life and customs, Frontier and pioneer life, Cowboys",,,3,0,0
"The Case of ""Peter Pan"" (Language, Discourse, Society)",Jacqueline Rose,1984,"Macmillan, Palgrave Macmillan",0812214358,"und, eng",181,"Children's literature, History and criticism, Theory",,,7,0,0
Elements of literature,"Robert Scholes, Carl H. Klaus, Jorge Luis Borges, Антон Павлович Чехов",1978,Oxford University Press,9780195022650,eng,1356,"Anthologies, Literature, Collections",4.5,2,16,0,3
New Suns: Original Speculative Fiction by People of Color,Nisi Shawl,2019,"Rebellion, Solaris",9781786182036,eng,384,"Fiction, short stories (single author), American Speculative fiction, Canadian Speculative fiction",3.0,2,12,0,2
Force 10 from Navarone,Alistair MacLean,1968,"Grafton, Hamlyn/Companion Book Club",000615395X,"eng, dut, ger",264,"Fiction in English, Fiction, World War, 1939-1945",3.0,1,17,1,5
Tomorrow's children,"Isaac Asimov, Robert Sheckley, Margaret St. Clair, Henry Kuttner, C. L. Moore, Fritz Leiber, William M. Lee, Damon Knight, Murray Leinster, Zenna Henderson, Robert A. Heinlein, Gertrude Friedberg, Philip K. Dick, Mark Clifton, Ray Bradbury, Jerome Bixby, Stephen Vincent Benét, Clifford D. Simak, James H. Schmitz",1966,"Compton Russell, Doubleday",9780859550345,eng,431,"American Science fiction, Science fiction, American Fantasy fiction",,,10,0,0
